disc_number,duration_ms.x,explicit,href,id,is_local,name,popularity,preview_url,track_number,type.x,uri.x,album.album_type,album.href,album.id,album.name,album.release_date,album.release_date_precision,album.total_tracks,album.type,album.uri,album.external_urls.spotify,external_ids.isrc,external_urls.spotify,danceability,energy,key,loudness,mode,speechiness,acousticness,instrumentalness,liveness,valence,tempo,type.y,uri.y,track_href,analysis_url,duration_ms.y,time_signature,listener,language
1,268462,FALSE,https://api.spotify.com/v1/tracks/3Zcpt3V8N9NSPmFWwPrMQE,3Zcpt3V8N9NSPmFWwPrMQE,FALSE,Afraid of Love,24,https://p.scdn.co/mp3-preview/d8bf7b6c1640c11eb06da11970c5a0638c247ba2?cid=0a65c6ae76cc413aa20d89ccec00ef2e,1,track,spotify:track:3Zcpt3V8N9NSPmFWwPrMQE,SINGLE,https://api.spotify.com/v1/albums/7wJD1FPk5DImwnO1yaarl4,7wJD1FPk5DImwnO1yaarl4,Afraid of Love,27/11/20,day,1,album,spotify:album:7wJD1FPk5DImwnO1yaarl4,https://open.spotify.com/album/7wJD1FPk5DImwnO1yaarl4,CAN112000603,https://open.spotify.com/track/3Zcpt3V8N9NSPmFWwPrMQE,0.395,0.549,2,-10.137,1,0.0344,0.251,0.0307,0.23,0.144,179.91,audio_features,spotify:track:3Zcpt3V8N9NSPmFWwPrMQE,https://api.spotify.com/v1/tracks/3Zcpt3V8N9NSPmFWwPrMQE,https://api.spotify.com/v1/audio-analysis/3Zcpt3V8N9NSPmFWwPrMQE,268463,4,Megan,1
1,185146,FALSE,https://api.spotify.com/v1/tracks/1J14CdDAvBTE1AJYUOwl6C,1J14CdDAvBTE1AJYUOwl6C,FALSE,Arcade,78,https://p.scdn.co/mp3-preview/2e1d7ce998ffcc98e9dbfc6dae22a7284465e048?cid=0a65c6ae76cc413aa20d89ccec00ef2e,13,track,spotify:track:1J14CdDAvBTE1AJYUOwl6C,ALBUM,https://api.spotify.com/v1/albums/4fEgAL4ge9hHhxVDCUZbeF,4fEgAL4ge9hHhxVDCUZbeF,Small Town Boy (Track By Track),12/11/20,day,26,album,spotify:album:4fEgAL4ge9hHhxVDCUZbeF,https://open.spotify.com/album/4fEgAL4ge9hHhxVDCUZbeF,NL1TK1900001,https://open.spotify.com/track/1J14CdDAvBTE1AJYUOwl6C,0.453,0.35,9,-11.639,0,0.0425,0.827,0.00122,0.144,0.279,72.017,audio_features,spotify:track:1J14CdDAvBTE1AJYUOwl6C,https://api.spotify.com/v1/tracks/1J14CdDAvBTE1AJYUOwl6C,https://api.spotify.com/v1/audio-analysis/1J14CdDAvBTE1AJYUOwl6C,185147,3,Megan,1
1,202009,FALSE,https://api.spotify.com/v1/tracks/2NeM9rfWo70KQej9GxeaoL,2NeM9rfWo70KQej9GxeaoL,FALSE,Where's My Love,74,NA,4,track,spotify:track:2NeM9rfWo70KQej9GxeaoL,ALBUM,https://api.spotify.com/v1/albums/2Hz6tGm9vVbjYWgpANWp5E,2Hz6tGm9vVbjYWgpANWp5E,SYML,3/5/19,day,12,album,spotify:album:2Hz6tGm9vVbjYWgpANWp5E,https://open.spotify.com/album/2Hz6tGm9vVbjYWgpANWp5E,CAN111700009,https://open.spotify.com/track/2NeM9rfWo70KQej9GxeaoL,0.608,0.358,0,-10.018,0,0.0253,0.854,0.0186,0.113,0.365,103.94,audio_features,spotify:track:2NeM9rfWo70KQej9GxeaoL,https://api.spotify.com/v1/tracks/2NeM9rfWo70KQej9GxeaoL,https://api.spotify.com/v1/audio-analysis/2NeM9rfWo70KQej9GxeaoL,202010,4,Megan,1
1,144000,FALSE,https://api.spotify.com/v1/tracks/6SEfaZLJkGxDiBoQfSWn8u,6SEfaZLJkGxDiBoQfSWn8u,FALSE,Slow Burn,9,https://p.scdn.co/mp3-preview/8b986a561d3227d1056428c5b6e734003120423e?cid=0a65c6ae76cc413aa20d89ccec00ef2e,6,track,spotify:track:6SEfaZLJkGxDiBoQfSWn8u,SINGLE,https://api.spotify.com/v1/albums/21chceoc0buorkVkOygCFf,21chceoc0buorkVkOygCFf,Social Piranha,23/10/20,day,6,album,spotify:album:21chceoc0buorkVkOygCFf,https://open.spotify.com/album/21chceoc0buorkVkOygCFf,QZMEM2001487,https://open.spotify.com/track/6SEfaZLJkGxDiBoQfSWn8u,0.526,0.332,0,-12.527,1,0.0288,0.699,0.021,0.182,0.403,99.916,audio_features,spotify:track:6SEfaZLJkGxDiBoQfSWn8u,https://api.spotify.com/v1/tracks/6SEfaZLJkGxDiBoQfSWn8u,https://api.spotify.com/v1/audio-analysis/6SEfaZLJkGxDiBoQfSWn8u,144000,4,Megan,1
1,194960,FALSE,https://api.spotify.com/v1/tracks/5tOUTNlLFd5u5xPt3unOVp,5tOUTNlLFd5u5xPt3unOVp,FALSE,Maybe,32,https://p.scdn.co/mp3-preview/f1d4a2147e819875a1f8c11b6c050ee8e1a5ae9b?cid=0a65c6ae76cc413aa20d89ccec00ef2e,7,track,spotify:track:5tOUTNlLFd5u5xPt3unOVp,ALBUM,https://api.spotify.com/v1/albums/6ig2k0oiH2AXm8MugikskB,6ig2k0oiH2AXm8MugikskB,Fire Within (Deluxe),16/9/13,day,15,album,spotify:album:6ig2k0oiH2AXm8MugikskB,https://open.spotify.com/album/6ig2k0oiH2AXm8MugikskB,GBAHS1300292,https://open.spotify.com/track/5tOUTNlLFd5u5xPt3unOVp,0.804,0.644,4,-6.346,0,0.0382,0.096,0,0.0749,0.795,120.962,audio_features,spotify:track:5tOUTNlLFd5u5xPt3unOVp,https://api.spotify.com/v1/tracks/5tOUTNlLFd5u5xPt3unOVp,https://api.spotify.com/v1/audio-analysis/5tOUTNlLFd5u5xPt3unOVp,194960,4,Megan,1
1,233760,FALSE,https://api.spotify.com/v1/tracks/3qbToOWJKKc0HtruELjlE1,3qbToOWJKKc0HtruELjlE1,FALSE,Famous,50,https://p.scdn.co/mp3-preview/b0161bc98e786cb323a5eeb477e44f63d60d0a0d?cid=0a65c6ae76cc413aa20d89ccec00ef2e,2,track,spotify:track:3qbToOWJKKc0HtruELjlE1,SINGLE,https://api.spotify.com/v1/albums/5nioohlHYXy7BwGbX4hfpg,5nioohlHYXy7BwGbX4hfpg,Iridesce / Famous,1/11/19,day,2,album,spotify:album:5nioohlHYXy7BwGbX4hfpg,https://open.spotify.com/album/5nioohlHYXy7BwGbX4hfpg,UKSH21900014,https://open.spotify.com/track/3qbToOWJKKc0HtruELjlE1,0.394,0.198,1,-12.562,1,0.0408,0.916,0.00162,0.115,0.0867,136.208,audio_features,spotify:track:3qbToOWJKKc0HtruELjlE1,https://api.spotify.com/v1/tracks/3qbToOWJKKc0HtruELjlE1,https://api.spotify.com/v1/audio-analysis/3qbToOWJKKc0HtruELjlE1,233760,3,Megan,1
1,311851,FALSE,https://api.spotify.com/v1/tracks/2BuMmK2Yguu6vQf1PJ2xQu,2BuMmK2Yguu6vQf1PJ2xQu,FALSE,Black Bear,38,https://p.scdn.co/mp3-preview/4f5617c30e99bb86b38b520fbf57c3b46a83d1a0?cid=0a65c6ae76cc413aa20d89ccec00ef2e,4,track,spotify:track:2BuMmK2Yguu6vQf1PJ2xQu,ALBUM,https://api.spotify.com/v1/albums/2Objy4bpKyIT4JsUsBr8ka,2Objy4bpKyIT4JsUsBr8ka,Black Bear,20/8/13,day,13,album,spotify:album:2Objy4bpKyIT4JsUsBr8ka,https://open.spotify.com/album/2Objy4bpKyIT4JsUsBr8ka,US8D61300004,https://open.spotify.com/track/2BuMmK2Yguu6vQf1PJ2xQu,0.46,0.633,6,-6.383,1,0.0286,0.0857,0.0121,0.197,0.25,138.049,audio_features,spotify:track:2BuMmK2Yguu6vQf1PJ2xQu,https://api.spotify.com/v1/tracks/2BuMmK2Yguu6vQf1PJ2xQu,https://api.spotify.com/v1/audio-analysis/2BuMmK2Yguu6vQf1PJ2xQu,311851,4,Megan,1
1,245425,FALSE,https://api.spotify.com/v1/tracks/3ZCTVFBt2Brf31RLEnCkWJ,3ZCTVFBt2Brf31RLEnCkWJ,FALSE,everything i wanted,84,https://p.scdn.co/mp3-preview/bbaceacbe9a30e6c6a157dcf34b8a82b51aeca56?cid=0a65c6ae76cc413aa20d89ccec00ef2e,1,track,spotify:track:3ZCTVFBt2Brf31RLEnCkWJ,SINGLE,https://api.spotify.com/v1/albums/4i3rAwPw7Ln2YrKDusaWyT,4i3rAwPw7Ln2YrKDusaWyT,everything i wanted,13/11/19,day,1,album,spotify:album:4i3rAwPw7Ln2YrKDusaWyT,https://open.spotify.com/album/4i3rAwPw7Ln2YrKDusaWyT,USUM71922577,https://open.spotify.com/track/3ZCTVFBt2Brf31RLEnCkWJ,0.704,0.225,6,-14.454,0,0.0994,0.902,0.657,0.106,0.243,120.006,audio_features,spotify:track:3ZCTVFBt2Brf31RLEnCkWJ,https://api.spotify.com/v1/tracks/3ZCTVFBt2Brf31RLEnCkWJ,https://api.spotify.com/v1/audio-analysis/3ZCTVFBt2Brf31RLEnCkWJ,245426,4,Megan,1
1,195533,FALSE,https://api.spotify.com/v1/tracks/7yI9Gi86ONcgYA2xX4UMSJ,7yI9Gi86ONcgYA2xX4UMSJ,FALSE,Guestbook,43,https://p.scdn.co/mp3-preview/27b643a180bc98ab1c4c57577633d89bf932ea10?cid=0a65c6ae76cc413aa20d89ccec00ef2e,10,track,spotify:track:7yI9Gi86ONcgYA2xX4UMSJ,ALBUM,https://api.spotify.com/v1/albums/1KkBDNtkZDW8COUNKAWRPw,1KkBDNtkZDW8COUNKAWRPw,"Cannot Be, Whatsoever",6/11/20,day,10,album,spotify:album:1KkBDNtkZDW8COUNKAWRPw,https://open.spotify.com/album/1KkBDNtkZDW8COUNKAWRPw,GB45A2002056,https://open.spotify.com/track/7yI9Gi86ONcgYA2xX4UMSJ,0.358,0.43,5,-8.827,1,0.0315,0.912,0.0505,0.0961,0.279,93.512,audio_features,spotify:track:7yI9Gi86ONcgYA2xX4UMSJ,https://api.spotify.com/v1/tracks/7yI9Gi86ONcgYA2xX4UMSJ,https://api.spotify.com/v1/audio-analysis/7yI9Gi86ONcgYA2xX4UMSJ,195533,4,Megan,1
1,190573,FALSE,https://api.spotify.com/v1/tracks/2tSjhsJNIMBjNpnapXnd7y,2tSjhsJNIMBjNpnapXnd7y,FALSE,Birthplace,53,https://p.scdn.co/mp3-preview/485185e0876519695761ab38dd1ac4e6626bd1eb?cid=0a65c6ae76cc413aa20d89ccec00ef2e,2,track,spotify:track:2tSjhsJNIMBjNpnapXnd7y,ALBUM,https://api.spotify.com/v1/albums/0tWckYjFI6ioZptLr42J3p,0tWckYjFI6ioZptLr42J3p,Birthplace,19/10/18,day,10,album,spotify:album:0tWckYjFI6ioZptLr42J3p,https://open.spotify.com/album/0tWckYjFI6ioZptLr42J3p,GB45A1801023,https://open.spotify.com/track/2tSjhsJNIMBjNpnapXnd7y,0.744,0.329,1,-9.869,1,0.0312,0.954,0.591,0.0971,0.389,125.631,audio_features,spotify:track:2tSjhsJNIMBjNpnapXnd7y,https://api.spotify.com/v1/tracks/2tSjhsJNIMBjNpnapXnd7y,https://api.spotify.com/v1/audio-analysis/2tSjhsJNIMBjNpnapXnd7y,190573,4,Megan,1
1,192040,FALSE,https://api.spotify.com/v1/tracks/732Zsh1L5ixRNgAmiPyvrp,732Zsh1L5ixRNgAmiPyvrp,FALSE,Opaline,63,https://p.scdn.co/mp3-preview/50e6d5c2165bc9479dfc217d57915ac14bf3e593?cid=0a65c6ae76cc413aa20d89ccec00ef2e,1,track,spotify:track:732Zsh1L5ixRNgAmiPyvrp,ALBUM,https://api.spotify.com/v1/albums/1KkBDNtkZDW8COUNKAWRPw,1KkBDNtkZDW8COUNKAWRPw,"Cannot Be, Whatsoever",6/11/20,day,10,album,spotify:album:1KkBDNtkZDW8COUNKAWRPw,https://open.spotify.com/album/1KkBDNtkZDW8COUNKAWRPw,GB45A2002047,https://open.spotify.com/track/732Zsh1L5ixRNgAmiPyvrp,0.367,0.337,1,-9.857,1,0.0326,0.955,0.117,0.0869,0.283,181.868,audio_features,spotify:track:732Zsh1L5ixRNgAmiPyvrp,https://api.spotify.com/v1/tracks/732Zsh1L5ixRNgAmiPyvrp,https://api.spotify.com/v1/audio-analysis/732Zsh1L5ixRNgAmiPyvrp,192040,4,Megan,1
1,239587,FALSE,https://api.spotify.com/v1/tracks/21uDewglRvm6Pr9LYnRU7C,21uDewglRvm6Pr9LYnRU7C,FALSE,Run Away With Me,44,https://p.scdn.co/mp3-preview/e54a485ffe0486b86576ed8b11cdbb8087fa9e35?cid=0a65c6ae76cc413aa20d89ccec00ef2e,1,track,spotify:track:21uDewglRvm6Pr9LYnRU7C,SINGLE,https://api.spotify.com/v1/albums/6jElWH8rLoLZAecOXQNmt3,6jElWH8rLoLZAecOXQNmt3,Run Away With Me,1/11/19,day,1,album,spotify:album:6jElWH8rLoLZAecOXQNmt3,https://open.spotify.com/album/6jElWH8rLoLZAecOXQNmt3,USQX91902862,https://open.spotify.com/track/21uDewglRvm6Pr9LYnRU7C,0.433,0.186,3,-9.024,0,0.037,0.985,4.55E-06,0.0878,0.186,120.416,audio_features,spotify:track:21uDewglRvm6Pr9LYnRU7C,https://api.spotify.com/v1/tracks/21uDewglRvm6Pr9LYnRU7C,https://api.spotify.com/v1/audio-analysis/21uDewglRvm6Pr9LYnRU7C,239587,4,Megan,1
1,134641,FALSE,https://api.spotify.com/v1/tracks/0hREmEVmD1culIVeShGzwo,0hREmEVmD1culIVeShGzwo,FALSE,Japan,43,https://p.scdn.co/mp3-preview/42d11c829263be548c908e28437d62d2d0f248c3?cid=0a65c6ae76cc413aa20d89ccec00ef2e,4,track,spotify:track:0hREmEVmD1culIVeShGzwo,SINGLE,https://api.spotify.com/v1/albums/4t4kHyQ0DvmfYYHJITb9l8,4t4kHyQ0DvmfYYHJITb9l8,Because I Wanted You to Know,20/11/20,day,5,album,spotify:album:4t4kHyQ0DvmfYYHJITb9l8,https://open.spotify.com/album/4t4kHyQ0DvmfYYHJITb9l8,QMBZ92062507,https://open.spotify.com/track/0hREmEVmD1culIVeShGzwo,0.709,0.275,10,-11.873,1,0.176,0.873,5.95E-06,0.121,0.552,134.159,audio_features,spotify:track:0hREmEVmD1culIVeShGzwo,https://api.spotify.com/v1/tracks/0hREmEVmD1culIVeShGzwo,https://api.spotify.com/v1/audio-analysis/0hREmEVmD1culIVeShGzwo,134642,4,Megan,1
1,175321,FALSE,https://api.spotify.com/v1/tracks/1ERCrZMVMSpqDW4zmr4sRc,1ERCrZMVMSpqDW4zmr4sRc,FALSE,afterthoughts,56,https://p.scdn.co/mp3-preview/60c5bf0c570673be0e9eea5e28b7f21068ad1751?cid=0a65c6ae76cc413aa20d89ccec00ef2e,5,track,spotify:track:1ERCrZMVMSpqDW4zmr4sRc,ALBUM,https://api.spotify.com/v1/albums/6wxPYC9LuoJCtKtFw4UDgf,6wxPYC9LuoJCtKtFw4UDgf,CLOUDS (Music From The Disney+ Original Movie),16/10/20,day,14,album,spotify:album:6wxPYC9LuoJCtKtFw4UDgf,https://open.spotify.com/album/6wxPYC9LuoJCtKtFw4UDgf,USUG12003838,https://open.spotify.com/track/1ERCrZMVMSpqDW4zmr4sRc,0.51,0.229,6,-11.394,1,0.0352,0.86,3.03E-05,0.118,0.107,93.309,audio_features,spotify:track:1ERCrZMVMSpqDW4zmr4sRc,https://api.spotify.com/v1/tracks/1ERCrZMVMSpqDW4zmr4sRc,https://api.spotify.com/v1/audio-analysis/1ERCrZMVMSpqDW4zmr4sRc,175321,4,Megan,1
1,273106,FALSE,https://api.spotify.com/v1/tracks/0u4rkpmNtgcFxYHepnVF4v,0u4rkpmNtgcFxYHepnVF4v,FALSE,Carry You,70,https://p.scdn.co/mp3-preview/693352656d2280082655a92e95d993c9b0d1bb5b?cid=0a65c6ae76cc413aa20d89ccec00ef2e,1,track,spotify:track:0u4rkpmNtgcFxYHepnVF4v,SINGLE,https://api.spotify.com/v1/albums/4vGuMdwnxc6X8izbVS6MTN,4vGuMdwnxc6X8izbVS6MTN,Bathing Beach,26/5/17,day,4,album,spotify:album:4vGuMdwnxc6X8izbVS6MTN,https://open.spotify.com/album/4vGuMdwnxc6X8izbVS6MTN,GB45A1700488,https://open.spotify.com/track/0u4rkpmNtgcFxYHepnVF4v,0.334,0.397,7,-7.993,1,0.0284,0.558,0.0774,0.126,0.035,93.445,audio_features,spotify:track:0u4rkpmNtgcFxYHepnVF4v,https://api.spotify.com/v1/tracks/0u4rkpmNtgcFxYHepnVF4v,https://api.spotify.com/v1/audio-analysis/0u4rkpmNtgcFxYHepnVF4v,273107,4,Megan,1
1,178626,FALSE,https://api.spotify.com/v1/tracks/6eusWfAal7mOOLr0XFLkiY,6eusWfAal7mOOLr0XFLkiY,FALSE,Decimal,58,https://p.scdn.co/mp3-preview/8b4d604802eb2e1d93bd5a820348af803191dd33?cid=0a65c6ae76cc413aa20d89ccec00ef2e,3,track,spotify:track:6eusWfAal7mOOLr0XFLkiY,ALBUM,https://api.spotify.com/v1/albums/1KkBDNtkZDW8COUNKAWRPw,1KkBDNtkZDW8COUNKAWRPw,"Cannot Be, Whatsoever",6/11/20,day,10,album,spotify:album:1KkBDNtkZDW8COUNKAWRPw,https://open.spotify.com/album/1KkBDNtkZDW8COUNKAWRPw,GB45A2002049,https://open.spotify.com/track/6eusWfAal7mOOLr0XFLkiY,0.577,0.434,7,-8.437,1,0.0303,0.887,0.215,0.0822,0.321,79.497,audio_features,spotify:track:6eusWfAal7mOOLr0XFLkiY,https://api.spotify.com/v1/tracks/6eusWfAal7mOOLr0XFLkiY,https://api.spotify.com/v1/audio-analysis/6eusWfAal7mOOLr0XFLkiY,178627,4,Megan,1
1,283133,FALSE,https://api.spotify.com/v1/tracks/0X7iyRg19skHthQ5dYnYZN,0X7iyRg19skHthQ5dYnYZN,FALSE,Anniversary,45,https://p.scdn.co/mp3-preview/4c51cb34fbb98eddd1afda0b1d5621791b28752b?cid=0a65c6ae76cc413aa20d89ccec00ef2e,5,track,spotify:track:0X7iyRg19skHthQ5dYnYZN,ALBUM,https://api.spotify.com/v1/albums/0tWckYjFI6ioZptLr42J3p,0tWckYjFI6ioZptLr42J3p,Birthplace,19/10/18,day,10,album,spotify:album:0tWckYjFI6ioZptLr42J3p,https://open.spotify.com/album/0tWckYjFI6ioZptLr42J3p,GB45A1801026,https://open.spotify.com/track/0X7iyRg19skHthQ5dYnYZN,0.333,0.315,11,-9.795,1,0.0314,0.949,0.202,0.202,0.0606,119.958,audio_features,spotify:track:0X7iyRg19skHthQ5dYnYZN,https://api.spotify.com/v1/tracks/0X7iyRg19skHthQ5dYnYZN,https://api.spotify.com/v1/audio-analysis/0X7iyRg19skHthQ5dYnYZN,283133,4,Megan,1
1,208653,FALSE,https://api.spotify.com/v1/tracks/7CoMBpPTwQi2wPT0U0Nr9b,7CoMBpPTwQi2wPT0U0Nr9b,FALSE,State Lines,77,https://p.scdn.co/mp3-preview/149fd44ee62d2c418bd681d5ca7f2728fa3aad52?cid=0a65c6ae76cc413aa20d89ccec00ef2e,7,track,spotify:track:7CoMBpPTwQi2wPT0U0Nr9b,ALBUM,https://api.spotify.com/v1/albums/0tWckYjFI6ioZptLr42J3p,0tWckYjFI6ioZptLr42J3p,Birthplace,19/10/18,day,10,album,spotify:album:0tWckYjFI6ioZptLr42J3p,https://open.spotify.com/album/0tWckYjFI6ioZptLr42J3p,GB45A1800990,https://open.spotify.com/track/7CoMBpPTwQi2wPT0U0Nr9b,0.509,0.31,9,-10.623,1,0.0313,0.959,0.229,0.0963,0.151,137.474,audio_features,spotify:track:7CoMBpPTwQi2wPT0U0Nr9b,https://api.spotify.com/v1/tracks/7CoMBpPTwQi2wPT0U0Nr9b,https://api.spotify.com/v1/audio-analysis/7CoMBpPTwQi2wPT0U0Nr9b,208653,3,Megan,1
1,234240,FALSE,https://api.spotify.com/v1/tracks/65cQkOFngSgj37Gnzp4ry4,65cQkOFngSgj37Gnzp4ry4,FALSE,Surrender,61,https://p.scdn.co/mp3-preview/a87e6b2a0e298deefaa533f2f3b8c215aa3a3e1e?cid=0a65c6ae76cc413aa20d89ccec00ef2e,1,track,spotify:track:65cQkOFngSgj37Gnzp4ry4,SINGLE,https://api.spotify.com/v1/albums/5FWqyyldyosXvAYesblpb5,5FWqyyldyosXvAYesblpb5,Surrender,22/1/21,day,1,album,spotify:album:5FWqyyldyosXvAYesblpb5,https://open.spotify.com/album/5FWqyyldyosXvAYesblpb5,GBAHS2001084,https://open.spotify.com/track/65cQkOFngSgj37Gnzp4ry4,0.353,0.386,0,-10.927,1,0.045,0.661,0.000231,0.0806,0.269,147.808,audio_features,spotify:track:65cQkOFngSgj37Gnzp4ry4,https://api.spotify.com/v1/tracks/65cQkOFngSgj37Gnzp4ry4,https://api.spotify.com/v1/audio-analysis/65cQkOFngSgj37Gnzp4ry4,234240,4,Megan,1
1,254013,FALSE,https://api.spotify.com/v1/tracks/2xlV2CuWgpPyE9e0GquKDN,2xlV2CuWgpPyE9e0GquKDN,FALSE,Someone To Stay,71,https://p.scdn.co/mp3-preview/8f7df6cdb630d81d616828e8e4240e4665ef337b?cid=0a65c6ae76cc413aa20d89ccec00ef2e,5,track,spotify:track:2xlV2CuWgpPyE9e0GquKDN,ALBUM,https://api.spotify.com/v1/albums/7mhJTJjSZtFVDZwR7CU9xC,7mhJTJjSZtFVDZwR7CU9xC,Revival,7/4/17,day,11,album,spotify:album:7mhJTJjSZtFVDZwR7CU9xC,https://open.spotify.com/album/7mhJTJjSZtFVDZwR7CU9xC,USQX91503233,https://open.spotify.com/track/2xlV2CuWgpPyE9e0GquKDN,0.436,0.473,1,-7.24,1,0.0307,0.588,4.35E-05,0.103,0.242,108.906,audio_features,spotify:track:2xlV2CuWgpPyE9e0GquKDN,https://api.spotify.com/v1/tracks/2xlV2CuWgpPyE9e0GquKDN,https://api.spotify.com/v1/audio-analysis/2xlV2CuWgpPyE9e0GquKDN,254013,4,Megan,1
1,194560,FALSE,https://api.spotify.com/v1/tracks/5xYpEeGFXmkGMBQ22NfKfO,5xYpEeGFXmkGMBQ22NfKfO,FALSE,Keep Me,65,https://p.scdn.co/mp3-preview/7c23b237b22997cb6d6239ba644ea38202e286e9?cid=0a65c6ae76cc413aa20d89ccec00ef2e,6,track,spotify:track:5xYpEeGFXmkGMBQ22NfKfO,ALBUM,https://api.spotify.com/v1/albums/1KkBDNtkZDW8COUNKAWRPw,1KkBDNtkZDW8COUNKAWRPw,"Cannot Be, Whatsoever",6/11/20,day,10,album,spotify:album:1KkBDNtkZDW8COUNKAWRPw,https://open.spotify.com/album/1KkBDNtkZDW8COUNKAWRPw,GB45A2002052,https://open.spotify.com/track/5xYpEeGFXmkGMBQ22NfKfO,0.567,0.131,1,-14.124,1,0.029,0.888,0.0553,0.158,0.0657,104.784,audio_features,spotify:track:5xYpEeGFXmkGMBQ22NfKfO,https://api.spotify.com/v1/tracks/5xYpEeGFXmkGMBQ22NfKfO,https://api.spotify.com/v1/audio-analysis/5xYpEeGFXmkGMBQ22NfKfO,194560,4,Megan,1
1,354400,FALSE,https://api.spotify.com/v1/tracks/3Et4LKZLnXygPYfNdeB3D3,3Et4LKZLnXygPYfNdeB3D3,FALSE,When the End Comes,65,https://p.scdn.co/mp3-preview/22129faacf2024a60fadc4bce142e641395bd472?cid=0a65c6ae76cc413aa20d89ccec00ef2e,11,track,spotify:track:3Et4LKZLnXygPYfNdeB3D3,ALBUM,https://api.spotify.com/v1/albums/4zVkAizREjamOAnvOqE3Du,4zVkAizREjamOAnvOqE3Du,Dive Deep,25/8/17,day,11,album,spotify:album:4zVkAizREjamOAnvOqE3Du,https://open.spotify.com/album/4zVkAizREjamOAnvOqE3Du,TCADC1739039,https://open.spotify.com/track/3Et4LKZLnXygPYfNdeB3D3,0.541,0.575,9,-9.463,1,0.0491,0.677,0.215,0.102,0.428,91.98,audio_features,spotify:track:3Et4LKZLnXygPYfNdeB3D3,https://api.spotify.com/v1/tracks/3Et4LKZLnXygPYfNdeB3D3,https://api.spotify.com/v1/audio-analysis/3Et4LKZLnXygPYfNdeB3D3,354400,4,Megan,1
1,78346,FALSE,https://api.spotify.com/v1/tracks/2xtPb85Z8BYq5tuurn1m4U,2xtPb85Z8BYq5tuurn1m4U,FALSE,13494,44,https://p.scdn.co/mp3-preview/fa8ef113337e21a0a631f82325413ee3eb4c6e7a?cid=0a65c6ae76cc413aa20d89ccec00ef2e,6,track,spotify:track:2xtPb85Z8BYq5tuurn1m4U,ALBUM,https://api.spotify.com/v1/albums/0tWckYjFI6ioZptLr42J3p,0tWckYjFI6ioZptLr42J3p,Birthplace,19/10/18,day,10,album,spotify:album:0tWckYjFI6ioZptLr42J3p,https://open.spotify.com/album/0tWckYjFI6ioZptLr42J3p,GB45A1801027,https://open.spotify.com/track/2xtPb85Z8BYq5tuurn1m4U,0.139,0.143,9,-18.505,1,0.0394,0.963,0.943,0.296,0.0373,81.799,audio_features,spotify:track:2xtPb85Z8BYq5tuurn1m4U,https://api.spotify.com/v1/tracks/2xtPb85Z8BYq5tuurn1m4U,https://api.spotify.com/v1/audio-analysis/2xtPb85Z8BYq5tuurn1m4U,78347,4,Megan,1
1,247013,FALSE,https://api.spotify.com/v1/tracks/39w0PWHKuw8LkmH13dQGvh,39w0PWHKuw8LkmH13dQGvh,FALSE,Nowhere Near,45,https://p.scdn.co/mp3-preview/0091b0f174e9193597a94df9672d5894b2c11586?cid=0a65c6ae76cc413aa20d89ccec00ef2e,1,track,spotify:track:39w0PWHKuw8LkmH13dQGvh,SINGLE,https://api.spotify.com/v1/albums/760pl4rm6bi8ig4PBS31Wn,760pl4rm6bi8ig4PBS31Wn,Nowhere Near,1/7/20,day,1,album,spotify:album:760pl4rm6bi8ig4PBS31Wn,https://open.spotify.com/album/760pl4rm6bi8ig4PBS31Wn,GB45A2002113,https://open.spotify.com/track/39w0PWHKuw8LkmH13dQGvh,0.0715,0.219,9,-10.672,1,0.0366,0.722,0.0137,0.0711,0.0798,181.293,audio_features,spotify:track:39w0PWHKuw8LkmH13dQGvh,https://api.spotify.com/v1/tracks/39w0PWHKuw8LkmH13dQGvh,https://api.spotify.com/v1/audio-analysis/39w0PWHKuw8LkmH13dQGvh,247013,3,Megan,1
1,235053,FALSE,https://api.spotify.com/v1/tracks/68i41spJIphl0RDfDf7tOL,68i41spJIphl0RDfDf7tOL,FALSE,If We're Being Honest,48,https://p.scdn.co/mp3-preview/1f2012d65b5ba3df74cbe0661997c90636f6252d?cid=0a65c6ae76cc413aa20d89ccec00ef2e,9,track,spotify:track:68i41spJIphl0RDfDf7tOL,ALBUM,https://api.spotify.com/v1/albums/1KkBDNtkZDW8COUNKAWRPw,1KkBDNtkZDW8COUNKAWRPw,"Cannot Be, Whatsoever",6/11/20,day,10,album,spotify:album:1KkBDNtkZDW8COUNKAWRPw,https://open.spotify.com/album/1KkBDNtkZDW8COUNKAWRPw,GB45A2002055,https://open.spotify.com/track/68i41spJIphl0RDfDf7tOL,0.498,0.432,3,-7.297,1,0.0296,0.888,0.617,0.136,0.126,132.928,audio_features,spotify:track:68i41spJIphl0RDfDf7tOL,https://api.spotify.com/v1/tracks/68i41spJIphl0RDfDf7tOL,https://api.spotify.com/v1/audio-analysis/68i41spJIphl0RDfDf7tOL,235053,4,Megan,1
1,202226,FALSE,https://api.spotify.com/v1/tracks/1ulB5740qjdSila4Vjnb7Z,1ulB5740qjdSila4Vjnb7Z,FALSE,Birdcage,56,https://p.scdn.co/mp3-preview/3694dbe8d776145d2a7309ad8a502bae51e40bc8?cid=0a65c6ae76cc413aa20d89ccec00ef2e,5,track,spotify:track:1ulB5740qjdSila4Vjnb7Z,ALBUM,https://api.spotify.com/v1/albums/1KkBDNtkZDW8COUNKAWRPw,1KkBDNtkZDW8COUNKAWRPw,"Cannot Be, Whatsoever",6/11/20,day,10,album,spotify:album:1KkBDNtkZDW8COUNKAWRPw,https://open.spotify.com/album/1KkBDNtkZDW8COUNKAWRPw,GB45A2002051,https://open.spotify.com/track/1ulB5740qjdSila4Vjnb7Z,0.574,0.407,1,-8.321,1,0.0243,0.902,0.637,0.0927,0.223,82.047,audio_features,spotify:track:1ulB5740qjdSila4Vjnb7Z,https://api.spotify.com/v1/tracks/1ulB5740qjdSila4Vjnb7Z,https://api.spotify.com/v1/audio-analysis/1ulB5740qjdSila4Vjnb7Z,202227,4,Megan,1
1,217640,FALSE,https://api.spotify.com/v1/tracks/6jDez1MckVsLvFdQDKEtzt,6jDez1MckVsLvFdQDKEtzt,FALSE,Emigrate,49,https://p.scdn.co/mp3-preview/877b2b9e58b8f6a655b1fd97b9a5d8ae3c21716f?cid=0a65c6ae76cc413aa20d89ccec00ef2e,1,track,spotify:track:6jDez1MckVsLvFdQDKEtzt,ALBUM,https://api.spotify.com/v1/albums/0tWckYjFI6ioZptLr42J3p,0tWckYjFI6ioZptLr42J3p,Birthplace,19/10/18,day,10,album,spotify:album:0tWckYjFI6ioZptLr42J3p,https://open.spotify.com/album/0tWckYjFI6ioZptLr42J3p,GB45A1801022,https://open.spotify.com/track/6jDez1MckVsLvFdQDKEtzt,0.5,0.469,1,-7.629,1,0.0275,0.931,0.474,0.0637,0.187,99.989,audio_features,spotify:track:6jDez1MckVsLvFdQDKEtzt,https://api.spotify.com/v1/tracks/6jDez1MckVsLvFdQDKEtzt,https://api.spotify.com/v1/audio-analysis/6jDez1MckVsLvFdQDKEtzt,217640,4,Megan,1
1,267746,FALSE,https://api.spotify.com/v1/tracks/233sHWbC7v5XM9dYZnaUHx,233sHWbC7v5XM9dYZnaUHx,FALSE,Seneca,54,https://p.scdn.co/mp3-preview/92cfa90361b213d68eb9f0cd9efc8463aac0962d?cid=0a65c6ae76cc413aa20d89ccec00ef2e,4,track,spotify:track:233sHWbC7v5XM9dYZnaUHx,ALBUM,https://api.spotify.com/v1/albums/0tWckYjFI6ioZptLr42J3p,0tWckYjFI6ioZptLr42J3p,Birthplace,19/10/18,day,10,album,spotify:album:0tWckYjFI6ioZptLr42J3p,https://open.spotify.com/album/0tWckYjFI6ioZptLr42J3p,GB45A1801025,https://open.spotify.com/track/233sHWbC7v5XM9dYZnaUHx,0.182,0.341,0,-9.966,0,0.0337,0.972,0.608,0.1,0.113,78.895,audio_features,spotify:track:233sHWbC7v5XM9dYZnaUHx,https://api.spotify.com/v1/tracks/233sHWbC7v5XM9dYZnaUHx,https://api.spotify.com/v1/audio-analysis/233sHWbC7v5XM9dYZnaUHx,267747,4,Megan,1
1,175986,FALSE,https://api.spotify.com/v1/tracks/2nlqFOnSp8TAqzi7KYnrRC,2nlqFOnSp8TAqzi7KYnrRC,FALSE,Utican,53,https://p.scdn.co/mp3-preview/77bbe4f2845ca6596b980c66d2e785806467d6ad?cid=0a65c6ae76cc413aa20d89ccec00ef2e,3,track,spotify:track:2nlqFOnSp8TAqzi7KYnrRC,ALBUM,https://api.spotify.com/v1/albums/0tWckYjFI6ioZptLr42J3p,0tWckYjFI6ioZptLr42J3p,Birthplace,19/10/18,day,10,album,spotify:album:0tWckYjFI6ioZptLr42J3p,https://open.spotify.com/album/0tWckYjFI6ioZptLr42J3p,GB45A1801024,https://open.spotify.com/track/2nlqFOnSp8TAqzi7KYnrRC,0.45,0.574,6,-6.568,1,0.0393,0.908,0.0289,0.126,0.321,145.674,audio_features,spotify:track:2nlqFOnSp8TAqzi7KYnrRC,https://api.spotify.com/v1/tracks/2nlqFOnSp8TAqzi7KYnrRC,https://api.spotify.com/v1/audio-analysis/2nlqFOnSp8TAqzi7KYnrRC,175987,4,Megan,1
1,331000,FALSE,https://api.spotify.com/v1/tracks/3XPD2voMhtskeDqtClsbaU,3XPD2voMhtskeDqtClsbaU,FALSE,Hollywood,49,https://p.scdn.co/mp3-preview/1c7fdb6f80a6b39a71cce98a1c466fc6fb8258dc?cid=0a65c6ae76cc413aa20d89ccec00ef2e,1,track,spotify:track:3XPD2voMhtskeDqtClsbaU,SINGLE,https://api.spotify.com/v1/albums/0MY78gb6h0RWwO43g921z0,0MY78gb6h0RWwO43g921z0,Hollywood,9/4/15,day,1,album,spotify:album:0MY78gb6h0RWwO43g921z0,https://open.spotify.com/album/0MY78gb6h0RWwO43g921z0,KRA031211046,https://open.spotify.com/track/3XPD2voMhtskeDqtClsbaU,0.552,0.782,1,-8.082,0,0.0302,0.149,0.9,0.1,0.509,147.956,audio_features,spotify:track:3XPD2voMhtskeDqtClsbaU,https://api.spotify.com/v1/tracks/3XPD2voMhtskeDqtClsbaU,https://api.spotify.com/v1/audio-analysis/3XPD2voMhtskeDqtClsbaU,331000,4,Megan,1
1,318908,FALSE,https://api.spotify.com/v1/tracks/7LwGBxB0h0CVmkOZxYKn0g,7LwGBxB0h0CVmkOZxYKn0g,FALSE,In My Veins - Feat. Erin Mccarley,69,https://p.scdn.co/mp3-preview/336d3dbc2bf4e037a18f692b6c7b9f582d888a2c?cid=0a65c6ae76cc413aa20d89ccec00ef2e,1,track,spotify:track:7LwGBxB0h0CVmkOZxYKn0g,SINGLE,https://api.spotify.com/v1/albums/0Lg8NjaKFHSdsuDM6l58JZ,0Lg8NjaKFHSdsuDM6l58JZ,In My Veins (Feat. Erin Mccarley),21/5/10,day,1,album,spotify:album:0Lg8NjaKFHSdsuDM6l58JZ,https://open.spotify.com/album/0Lg8NjaKFHSdsuDM6l58JZ,US-8D6-10-00002,https://open.spotify.com/track/7LwGBxB0h0CVmkOZxYKn0g,0.548,0.42,0,-7.842,1,0.0277,0.198,4.46E-06,0.0899,0.196,128.012,audio_features,spotify:track:7LwGBxB0h0CVmkOZxYKn0g,https://api.spotify.com/v1/tracks/7LwGBxB0h0CVmkOZxYKn0g,https://api.spotify.com/v1/audio-analysis/7LwGBxB0h0CVmkOZxYKn0g,318909,4,Megan,1
1,168786,FALSE,https://api.spotify.com/v1/tracks/04KkoQzL9rMw4jjDzCbET7,04KkoQzL9rMw4jjDzCbET7,FALSE,I Feel Better,48,https://p.scdn.co/mp3-preview/4bf617d5f78ca4f04aff7b7c242253c6640a11f9?cid=0a65c6ae76cc413aa20d89ccec00ef2e,2,track,spotify:track:04KkoQzL9rMw4jjDzCbET7,ALBUM,https://api.spotify.com/v1/albums/1KkBDNtkZDW8COUNKAWRPw,1KkBDNtkZDW8COUNKAWRPw,"Cannot Be, Whatsoever",6/11/20,day,10,album,spotify:album:1KkBDNtkZDW8COUNKAWRPw,https://open.spotify.com/album/1KkBDNtkZDW8COUNKAWRPw,GB45A2002048,https://open.spotify.com/track/04KkoQzL9rMw4jjDzCbET7,0.579,0.606,6,-5.704,1,0.0319,0.743,0.0895,0.113,0.348,155.042,audio_features,spotify:track:04KkoQzL9rMw4jjDzCbET7,https://api.spotify.com/v1/tracks/04KkoQzL9rMw4jjDzCbET7,https://api.spotify.com/v1/audio-analysis/04KkoQzL9rMw4jjDzCbET7,168787,4,Megan,1
1,184301,FALSE,https://api.spotify.com/v1/tracks/3nqhacrhmERFCAO6YTCAMB,3nqhacrhmERFCAO6YTCAMB,FALSE,As It Is,57,https://p.scdn.co/mp3-preview/688ed9db1417166774d77e764ab4511f4a797a34?cid=0a65c6ae76cc413aa20d89ccec00ef2e,2,track,spotify:track:3nqhacrhmERFCAO6YTCAMB,SINGLE,https://api.spotify.com/v1/albums/4t4kHyQ0DvmfYYHJITb9l8,4t4kHyQ0DvmfYYHJITb9l8,Because I Wanted You to Know,20/11/20,day,5,album,spotify:album:4t4kHyQ0DvmfYYHJITb9l8,https://open.spotify.com/album/4t4kHyQ0DvmfYYHJITb9l8,QM6N22072895,https://open.spotify.com/track/3nqhacrhmERFCAO6YTCAMB,0.657,0.258,10,-12.613,1,0.0311,0.908,2.79E-06,0.116,0.318,127.725,audio_features,spotify:track:3nqhacrhmERFCAO6YTCAMB,https://api.spotify.com/v1/tracks/3nqhacrhmERFCAO6YTCAMB,https://api.spotify.com/v1/audio-analysis/3nqhacrhmERFCAO6YTCAMB,184301,4,Megan,1
1,234080,FALSE,https://api.spotify.com/v1/tracks/5PzWVmfzu7rePAuFkxPQf0,5PzWVmfzu7rePAuFkxPQf0,FALSE,Repeat Until Death,75,https://p.scdn.co/mp3-preview/f40d26ba35f4a7068f5290e610bb42d173fa8a73?cid=0a65c6ae76cc413aa20d89ccec00ef2e,9,track,spotify:track:5PzWVmfzu7rePAuFkxPQf0,ALBUM,https://api.spotify.com/v1/albums/0tWckYjFI6ioZptLr42J3p,0tWckYjFI6ioZptLr42J3p,Birthplace,19/10/18,day,10,album,spotify:album:0tWckYjFI6ioZptLr42J3p,https://open.spotify.com/album/0tWckYjFI6ioZptLr42J3p,GB45A1801029,https://open.spotify.com/track/5PzWVmfzu7rePAuFkxPQf0,0.233,0.15,1,-11.736,1,0.0336,0.982,0.36,0.154,0.0875,143.887,audio_features,spotify:track:5PzWVmfzu7rePAuFkxPQf0,https://api.spotify.com/v1/tracks/5PzWVmfzu7rePAuFkxPQf0,https://api.spotify.com/v1/audio-analysis/5PzWVmfzu7rePAuFkxPQf0,234080,3,Megan,1
1,286743,FALSE,https://api.spotify.com/v1/tracks/1F0WmzKJt8ylEAfjeXAiTc,1F0WmzKJt8ylEAfjeXAiTc,FALSE,"Above All Else, Be Kind",42,https://p.scdn.co/mp3-preview/35358813a86a888ed420ee010ab4d167f8b04cc3?cid=0a65c6ae76cc413aa20d89ccec00ef2e,1,track,spotify:track:1F0WmzKJt8ylEAfjeXAiTc,SINGLE,https://api.spotify.com/v1/albums/70TxrZBn8JLp8WwMjXmU8U,70TxrZBn8JLp8WwMjXmU8U,"Above All Else, Be Kind",20/4/20,day,1,album,spotify:album:70TxrZBn8JLp8WwMjXmU8U,https://open.spotify.com/album/70TxrZBn8JLp8WwMjXmU8U,UKHM88190040,https://open.spotify.com/track/1F0WmzKJt8ylEAfjeXAiTc,0.378,0.286,1,-18.965,1,0.0735,0.774,0.773,0.0964,0.0619,72.994,audio_features,spotify:track:1F0WmzKJt8ylEAfjeXAiTc,https://api.spotify.com/v1/tracks/1F0WmzKJt8ylEAfjeXAiTc,https://api.spotify.com/v1/audio-analysis/1F0WmzKJt8ylEAfjeXAiTc,286744,4,Megan,1
1,298483,FALSE,https://api.spotify.com/v1/tracks/4zfdaZxEFXgZDrGP8UWq10,4zfdaZxEFXgZDrGP8UWq10,FALSE,The Dark,45,NA,1,track,spotify:track:4zfdaZxEFXgZDrGP8UWq10,SINGLE,https://api.spotify.com/v1/albums/0eAHJ8R9M3X1GYeBotCPVV,0eAHJ8R9M3X1GYeBotCPVV,The Dark,31/7/20,day,1,album,spotify:album:0eAHJ8R9M3X1GYeBotCPVV,https://open.spotify.com/album/0eAHJ8R9M3X1GYeBotCPVV,CAN112000287,https://open.spotify.com/track/4zfdaZxEFXgZDrGP8UWq10,0.22,0.242,7,-11.659,1,0.0294,0.752,0.0185,0.0761,0.0493,60.532,audio_features,spotify:track:4zfdaZxEFXgZDrGP8UWq10,https://api.spotify.com/v1/tracks/4zfdaZxEFXgZDrGP8UWq10,https://api.spotify.com/v1/audio-analysis/4zfdaZxEFXgZDrGP8UWq10,298483,4,Megan,1
1,251872,FALSE,https://api.spotify.com/v1/tracks/0yPm9Wg6qcTwLZIXweNGpA,0yPm9Wg6qcTwLZIXweNGpA,FALSE,Quiver,44,https://p.scdn.co/mp3-preview/771d31e17c83e5d598b3e531cd6b4dced0aee086?cid=0a65c6ae76cc413aa20d89ccec00ef2e,1,track,spotify:track:0yPm9Wg6qcTwLZIXweNGpA,SINGLE,https://api.spotify.com/v1/albums/3iJqPoSepf0oHwIWd7K83f,3iJqPoSepf0oHwIWd7K83f,Quiver,10/1/20,day,2,album,spotify:album:3iJqPoSepf0oHwIWd7K83f,https://open.spotify.com/album/3iJqPoSepf0oHwIWd7K83f,TCAEO1944701,https://open.spotify.com/track/0yPm9Wg6qcTwLZIXweNGpA,0.454,0.314,4,-11.278,1,0.0292,0.887,0.00166,0.111,0.203,142.951,audio_features,spotify:track:0yPm9Wg6qcTwLZIXweNGpA,https://api.spotify.com/v1/tracks/0yPm9Wg6qcTwLZIXweNGpA,https://api.spotify.com/v1/audio-analysis/0yPm9Wg6qcTwLZIXweNGpA,251872,4,Megan,1
1,117920,FALSE,https://api.spotify.com/v1/tracks/6b68aviQQgq22JuK2CDno6,6b68aviQQgq22JuK2CDno6,FALSE,Statue Of A Woman,44,https://p.scdn.co/mp3-preview/b5885e86553c5834e5dc818be46951ae152834e8?cid=0a65c6ae76cc413aa20d89ccec00ef2e,8,track,spotify:track:6b68aviQQgq22JuK2CDno6,ALBUM,https://api.spotify.com/v1/albums/1KkBDNtkZDW8COUNKAWRPw,1KkBDNtkZDW8COUNKAWRPw,"Cannot Be, Whatsoever",6/11/20,day,10,album,spotify:album:1KkBDNtkZDW8COUNKAWRPw,https://open.spotify.com/album/1KkBDNtkZDW8COUNKAWRPw,GB45A2002054,https://open.spotify.com/track/6b68aviQQgq22JuK2CDno6,0.0687,0.229,10,-17.496,1,0.0327,0.878,0.842,0.0912,0.0313,71.318,audio_features,spotify:track:6b68aviQQgq22JuK2CDno6,https://api.spotify.com/v1/tracks/6b68aviQQgq22JuK2CDno6,https://api.spotify.com/v1/audio-analysis/6b68aviQQgq22JuK2CDno6,117920,4,Megan,1
1,154909,FALSE,https://api.spotify.com/v1/tracks/4NmVOfj6JSxruDVrYW46AL,4NmVOfj6JSxruDVrYW46AL,FALSE,I Know,45,https://p.scdn.co/mp3-preview/1dd079be229a77df829caa9e8844561e20da49ac?cid=0a65c6ae76cc413aa20d89ccec00ef2e,1,track,spotify:track:4NmVOfj6JSxruDVrYW46AL,SINGLE,https://api.spotify.com/v1/albums/4dYC2w3OZtkW5xynPq6Jk2,4dYC2w3OZtkW5xynPq6Jk2,I Know,28/8/20,day,1,album,spotify:album:4dYC2w3OZtkW5xynPq6Jk2,https://open.spotify.com/album/4dYC2w3OZtkW5xynPq6Jk2,USWB12002194,https://open.spotify.com/track/4NmVOfj6JSxruDVrYW46AL,0.523,0.134,8,-16.839,1,0.0324,0.944,0.0333,0.102,0.104,130.243,audio_features,spotify:track:4NmVOfj6JSxruDVrYW46AL,https://api.spotify.com/v1/tracks/4NmVOfj6JSxruDVrYW46AL,https://api.spotify.com/v1/audio-analysis/4NmVOfj6JSxruDVrYW46AL,154910,3,Megan,1
1,175093,FALSE,https://api.spotify.com/v1/tracks/4J0LMAbGMFktgaR9CfF5FU,4J0LMAbGMFktgaR9CfF5FU,FALSE,"Oh, Round Lake",50,https://p.scdn.co/mp3-preview/a1ba4c53eb8a69e968e38375833748878424bad9?cid=0a65c6ae76cc413aa20d89ccec00ef2e,10,track,spotify:track:4J0LMAbGMFktgaR9CfF5FU,ALBUM,https://api.spotify.com/v1/albums/0tWckYjFI6ioZptLr42J3p,0tWckYjFI6ioZptLr42J3p,Birthplace,19/10/18,day,10,album,spotify:album:0tWckYjFI6ioZptLr42J3p,https://open.spotify.com/album/0tWckYjFI6ioZptLr42J3p,GB45A1801030,https://open.spotify.com/track/4J0LMAbGMFktgaR9CfF5FU,0.564,0.227,1,-14.668,1,0.0407,0.963,0.000824,0.0601,0.222,124.824,audio_features,spotify:track:4J0LMAbGMFktgaR9CfF5FU,https://api.spotify.com/v1/tracks/4J0LMAbGMFktgaR9CfF5FU,https://api.spotify.com/v1/audio-analysis/4J0LMAbGMFktgaR9CfF5FU,175093,4,Megan,1
1,174466,FALSE,https://api.spotify.com/v1/tracks/2MLfUQlgGQwdKGDDbiVPXU,2MLfUQlgGQwdKGDDbiVPXU,FALSE,Picture Perfect,32,https://p.scdn.co/mp3-preview/8beaebc0f57525f15ab35a406cf4098e829312e9?cid=0a65c6ae76cc413aa20d89ccec00ef2e,1,track,spotify:track:2MLfUQlgGQwdKGDDbiVPXU,SINGLE,https://api.spotify.com/v1/albums/5wR0p1quBhm7JUnmsjPrm2,5wR0p1quBhm7JUnmsjPrm2,Picture Perfect,14/5/19,day,1,album,spotify:album:5wR0p1quBhm7JUnmsjPrm2,https://open.spotify.com/album/5wR0p1quBhm7JUnmsjPrm2,GB9TP1900260,https://open.spotify.com/track/2MLfUQlgGQwdKGDDbiVPXU,0.409,0.295,7,-13.038,1,0.0329,0.907,0.0718,0.207,0.38,152.235,audio_features,spotify:track:2MLfUQlgGQwdKGDDbiVPXU,https://api.spotify.com/v1/tracks/2MLfUQlgGQwdKGDDbiVPXU,https://api.spotify.com/v1/audio-analysis/2MLfUQlgGQwdKGDDbiVPXU,174467,4,Megan,1
1,195154,FALSE,https://api.spotify.com/v1/tracks/5p5MHsAI1hIHRlXoVMVAQs,5p5MHsAI1hIHRlXoVMVAQs,FALSE,Low,0,NA,1,track,spotify:track:5p5MHsAI1hIHRlXoVMVAQs,SINGLE,https://api.spotify.com/v1/albums/6NQ75uZ4mY4PeibwVG7gVW,6NQ75uZ4mY4PeibwVG7gVW,Low,7/9/18,day,1,album,spotify:album:6NQ75uZ4mY4PeibwVG7gVW,https://open.spotify.com/album/6NQ75uZ4mY4PeibwVG7gVW,QMR5W1800001,https://open.spotify.com/track/5p5MHsAI1hIHRlXoVMVAQs,0.52,0.292,9,-12.33,1,0.0405,0.857,0.00034,0.0895,0.444,149.667,audio_features,spotify:track:5p5MHsAI1hIHRlXoVMVAQs,https://api.spotify.com/v1/tracks/5p5MHsAI1hIHRlXoVMVAQs,https://api.spotify.com/v1/audio-analysis/5p5MHsAI1hIHRlXoVMVAQs,195155,4,Megan,1
1,202960,FALSE,https://api.spotify.com/v1/tracks/720kcKRMGl2rJh6jsfu8Z5,720kcKRMGl2rJh6jsfu8Z5,FALSE,Sleepless,53,https://p.scdn.co/mp3-preview/0b46c6feb47203f3cdff9bda956befc7edb4c594?cid=0a65c6ae76cc413aa20d89ccec00ef2e,8,track,spotify:track:720kcKRMGl2rJh6jsfu8Z5,ALBUM,https://api.spotify.com/v1/albums/0tWckYjFI6ioZptLr42J3p,0tWckYjFI6ioZptLr42J3p,Birthplace,19/10/18,day,10,album,spotify:album:0tWckYjFI6ioZptLr42J3p,https://open.spotify.com/album/0tWckYjFI6ioZptLr42J3p,GB45A1801028,https://open.spotify.com/track/720kcKRMGl2rJh6jsfu8Z5,0.467,0.532,7,-7.519,1,0.0339,0.897,0.144,0.101,0.121,72.49,audio_features,spotify:track:720kcKRMGl2rJh6jsfu8Z5,https://api.spotify.com/v1/tracks/720kcKRMGl2rJh6jsfu8Z5,https://api.spotify.com/v1/audio-analysis/720kcKRMGl2rJh6jsfu8Z5,202960,4,Megan,1
1,165506,FALSE,https://api.spotify.com/v1/tracks/1diS6nkxMQc3wwC4G1j0bh,1diS6nkxMQc3wwC4G1j0bh,FALSE,We're Good,82,https://p.scdn.co/mp3-preview/cbfa38909cb033b2672f188cf26ca788ec3bfa07?cid=0a65c6ae76cc413aa20d89ccec00ef2e,13,track,spotify:track:1diS6nkxMQc3wwC4G1j0bh,ALBUM,https://api.spotify.com/v1/albums/0JeyP8r2hBxYIoxXv11XiX,0JeyP8r2hBxYIoxXv11XiX,Future Nostalgia (The Moonlight Edition),11/2/21,day,19,album,spotify:album:0JeyP8r2hBxYIoxXv11XiX,https://open.spotify.com/album/0JeyP8r2hBxYIoxXv11XiX,GBAHT2001117,https://open.spotify.com/track/1diS6nkxMQc3wwC4G1j0bh,0.722,0.588,6,-5.932,1,0.0544,0.0319,0,0.183,0.59,134.01,audio_features,spotify:track:1diS6nkxMQc3wwC4G1j0bh,https://api.spotify.com/v1/tracks/1diS6nkxMQc3wwC4G1j0bh,https://api.spotify.com/v1/audio-analysis/1diS6nkxMQc3wwC4G1j0bh,165507,4,Megan,1
1,289013,FALSE,https://api.spotify.com/v1/tracks/0a86NiPVE7gSbjjkDILitZ,0a86NiPVE7gSbjjkDILitZ,FALSE,"Alive, Awake!",18,https://p.scdn.co/mp3-preview/27cfc54c3124672f82f47700c0412a32206ccace?cid=0a65c6ae76cc413aa20d89ccec00ef2e,2,track,spotify:track:0a86NiPVE7gSbjjkDILitZ,ALBUM,https://api.spotify.com/v1/albums/34oYoGcoiFdxHO4CAaQwmo,34oYoGcoiFdxHO4CAaQwmo,As It Grows Dark / Light,26/6/20,day,10,album,spotify:album:34oYoGcoiFdxHO4CAaQwmo,https://open.spotify.com/album/34oYoGcoiFdxHO4CAaQwmo,UKHM88190017,https://open.spotify.com/track/0a86NiPVE7gSbjjkDILitZ,0.268,0.191,2,-15.775,1,0.0528,0.768,0.92,0.0937,0.0666,179.935,audio_features,spotify:track:0a86NiPVE7gSbjjkDILitZ,https://api.spotify.com/v1/tracks/0a86NiPVE7gSbjjkDILitZ,https://api.spotify.com/v1/audio-analysis/0a86NiPVE7gSbjjkDILitZ,289014,4,Megan,1
1,199172,FALSE,https://api.spotify.com/v1/tracks/65UmmVS68A7xXBnMr7ZCnb,65UmmVS68A7xXBnMr7ZCnb,FALSE,Now & Then,47,https://p.scdn.co/mp3-preview/cd3055d3a31d91ac7c6b943e1d4cee602397735d?cid=0a65c6ae76cc413aa20d89ccec00ef2e,10,track,spotify:track:65UmmVS68A7xXBnMr7ZCnb,ALBUM,https://api.spotify.com/v1/albums/701VQaTFIAVNkfLuR4oFFv,701VQaTFIAVNkfLuR4oFFv,Arcadia,15/11/19,day,11,album,spotify:album:701VQaTFIAVNkfLuR4oFFv,https://open.spotify.com/album/701VQaTFIAVNkfLuR4oFFv,CAN111900258,https://open.spotify.com/track/65UmmVS68A7xXBnMr7ZCnb,0.693,0.211,0,-11.688,1,0.0499,0.775,2.41E-05,0.114,0.109,121.106,audio_features,spotify:track:65UmmVS68A7xXBnMr7ZCnb,https://api.spotify.com/v1/tracks/65UmmVS68A7xXBnMr7ZCnb,https://api.spotify.com/v1/audio-analysis/65UmmVS68A7xXBnMr7ZCnb,199173,4,Megan,1
1,219934,FALSE,https://api.spotify.com/v1/tracks/7BxvACOX2EVYofhyrgM9z8,7BxvACOX2EVYofhyrgM9z8,FALSE,The Art Of Getting By,0,NA,1,track,spotify:track:7BxvACOX2EVYofhyrgM9z8,SINGLE,https://api.spotify.com/v1/albums/5v9jY7h8jCYXyMqyO512S0,5v9jY7h8jCYXyMqyO512S0,The Art Of Getting By,21/2/20,day,1,album,spotify:album:5v9jY7h8jCYXyMqyO512S0,https://open.spotify.com/album/5v9jY7h8jCYXyMqyO512S0,GBMA22052353,https://open.spotify.com/track/7BxvACOX2EVYofhyrgM9z8,0.536,0.189,11,-12.245,1,0.0301,0.831,0,0.117,0.341,80.346,audio_features,spotify:track:7BxvACOX2EVYofhyrgM9z8,https://api.spotify.com/v1/tracks/7BxvACOX2EVYofhyrgM9z8,https://api.spotify.com/v1/audio-analysis/7BxvACOX2EVYofhyrgM9z8,219934,4,Megan,1
1,156137,FALSE,https://api.spotify.com/v1/tracks/37PwUkCbYxvlExuGU4Hm5k,37PwUkCbYxvlExuGU4Hm5k,FALSE,dna [demo],50,https://p.scdn.co/mp3-preview/63cdbabe32ae15993f85413f135cb272b69da382?cid=0a65c6ae76cc413aa20d89ccec00ef2e,2,track,spotify:track:37PwUkCbYxvlExuGU4Hm5k,SINGLE,https://api.spotify.com/v1/albums/0GrGh2x8KprTal72UkxnBP,0GrGh2x8KprTal72UkxnBP,up to me / dna [demo],15/7/21,day,2,album,spotify:album:0GrGh2x8KprTal72UkxnBP,https://open.spotify.com/album/0GrGh2x8KprTal72UkxnBP,GBUM72103957,https://open.spotify.com/track/37PwUkCbYxvlExuGU4Hm5k,0.363,0.315,11,-11.257,1,0.176,0.673,0,0.109,0.341,198.666,audio_features,spotify:track:37PwUkCbYxvlExuGU4Hm5k,https://api.spotify.com/v1/tracks/37PwUkCbYxvlExuGU4Hm5k,https://api.spotify.com/v1/audio-analysis/37PwUkCbYxvlExuGU4Hm5k,156138,4,Megan,1
1,191086,FALSE,https://api.spotify.com/v1/tracks/4By9kkp1R1TSmAMckSM3KO,4By9kkp1R1TSmAMckSM3KO,FALSE,homebody,55,https://p.scdn.co/mp3-preview/1f050c8fb2870e9411f59edfc735281cdb1ec6e0?cid=0a65c6ae76cc413aa20d89ccec00ef2e,3,track,spotify:track:4By9kkp1R1TSmAMckSM3KO,SINGLE,https://api.spotify.com/v1/albums/2W8nO4x2KlHc3z3xxe23PW,2W8nO4x2KlHc3z3xxe23PW,sucks to see you doing better (extended),11/12/20,day,7,album,spotify:album:2W8nO4x2KlHc3z3xxe23PW,https://open.spotify.com/album/2W8nO4x2KlHc3z3xxe23PW,CAUM72000199,https://open.spotify.com/track/4By9kkp1R1TSmAMckSM3KO,0.618,0.63,1,-7.244,1,0.0406,0.209,1.71E-05,0.0622,0.592,155.035,audio_features,spotify:track:4By9kkp1R1TSmAMckSM3KO,https://api.spotify.com/v1/tracks/4By9kkp1R1TSmAMckSM3KO,https://api.spotify.com/v1/audio-analysis/4By9kkp1R1TSmAMckSM3KO,191087,4,Megan,1
1,291676,FALSE,https://api.spotify.com/v1/tracks/63F2nWghdifkNHVns5GT8W,63F2nWghdifkNHVns5GT8W,FALSE,Fade into You,61,https://p.scdn.co/mp3-preview/069bce59abf687f56fc34a0394dd1a091a739a61?cid=0a65c6ae76cc413aa20d89ccec00ef2e,1,track,spotify:track:63F2nWghdifkNHVns5GT8W,SINGLE,https://api.spotify.com/v1/albums/5YW0yUKUNHJo4VJ1LwF2Ap,5YW0yUKUNHJo4VJ1LwF2Ap,Fade into You,27/7/18,day,1,album,spotify:album:5YW0yUKUNHJo4VJ1LwF2Ap,https://open.spotify.com/album/5YW0yUKUNHJo4VJ1LwF2Ap,TCADT1800026,https://open.spotify.com/track/63F2nWghdifkNHVns5GT8W,0.478,0.398,2,-10.124,1,0.0286,0.0222,0.0183,0.0826,0.371,159.906,audio_features,spotify:track:63F2nWghdifkNHVns5GT8W,https://api.spotify.com/v1/tracks/63F2nWghdifkNHVns5GT8W,https://api.spotify.com/v1/audio-analysis/63F2nWghdifkNHVns5GT8W,291676,3,Megan,1