"disc_number","duration_ms.x","explicit","href","id","is_local","name","popularity","preview_url","track_number","type.x","uri.x","album.album_type","album.href","album.id","album.name","album.release_date","album.release_date_precision","album.total_tracks","album.type","album.uri","album.external_urls.spotify","external_ids.isrc","external_urls.spotify","danceability","energy","key","loudness","mode","speechiness","acousticness","instrumentalness","liveness","valence","tempo","type.y","uri.y","track_href","analysis_url","duration_ms.y","time_signature","listener"
1,188598,FALSE,"https://api.spotify.com/v1/tracks/3BA4y1ENVDOeT7XP82sk09","3BA4y1ENVDOeT7XP82sk09",FALSE,"Light Rain",60,"https://p.scdn.co/mp3-preview/af286f82e373fb78ec47fe6f597fefebc1149494?cid=0a65c6ae76cc413aa20d89ccec00ef2e",28,"track","spotify:track:3BA4y1ENVDOeT7XP82sk09","COMPILATION","https://api.spotify.com/v1/albums/4YmNhD0y0D0jMa926HRizV","4YmNhD0y0D0jMa926HRizV","Sleep (Rain Sounds Compilation)","2017-05-05","day",29,"album","spotify:album:4YmNhD0y0D0jMa926HRizV","https://open.spotify.com/album/4YmNhD0y0D0jMa926HRizV","SE5IB1701227","https://open.spotify.com/track/3BA4y1ENVDOeT7XP82sk09",0.207,0.999,3,-15.08,0,0.049,0.137,0.998,0.85,0.00315,89.189,"audio_features","spotify:track:3BA4y1ENVDOeT7XP82sk09","https://api.spotify.com/v1/tracks/3BA4y1ENVDOeT7XP82sk09","https://api.spotify.com/v1/audio-analysis/3BA4y1ENVDOeT7XP82sk09",188598,5,"Si Han"
1,309226,FALSE,"https://api.spotify.com/v1/tracks/2vrCFIvEVzJos84kkylR3b","2vrCFIvEVzJos84kkylR3b",FALSE,"Turn Your Eyes - Live",47,"https://p.scdn.co/mp3-preview/12d7e38c610bb546951cf01bd73132f427ab30a8?cid=0a65c6ae76cc413aa20d89ccec00ef2e",1,"track","spotify:track:2vrCFIvEVzJos84kkylR3b","ALBUM","https://api.spotify.com/v1/albums/3rrC4b7AhmJhY0wYad5T5C","3rrC4b7AhmJhY0wYad5T5C","The Glorious Christ (Live)","2019-12-06","day",15,"album","spotify:album:3rrC4b7AhmJhY0wYad5T5C","https://open.spotify.com/album/3rrC4b7AhmJhY0wYad5T5C","QZGXC1900044","https://open.spotify.com/track/2vrCFIvEVzJos84kkylR3b",0.229,0.375,11,-8.967,1,0.0323,0.786,0,0.0953,0.155,99.919,"audio_features","spotify:track:2vrCFIvEVzJos84kkylR3b","https://api.spotify.com/v1/tracks/2vrCFIvEVzJos84kkylR3b","https://api.spotify.com/v1/audio-analysis/2vrCFIvEVzJos84kkylR3b",309227,3,"Si Han"
1,331838,FALSE,"https://api.spotify.com/v1/tracks/439tGS9rVbyTjj5SmneD56","439tGS9rVbyTjj5SmneD56",FALSE,"Yet Not I but Through Christ in Me",60,"https://p.scdn.co/mp3-preview/71ad659c176cb554aafaf7173a28181c67760651?cid=0a65c6ae76cc413aa20d89ccec00ef2e",1,"track","spotify:track:439tGS9rVbyTjj5SmneD56","SINGLE","https://api.spotify.com/v1/albums/1pOLJKpaVOTB28BjYD57Vc","1pOLJKpaVOTB28BjYD57Vc","Yet Not I but Through Christ in Me","2018-11-11","day",1,"album","spotify:album:1pOLJKpaVOTB28BjYD57Vc","https://open.spotify.com/album/1pOLJKpaVOTB28BjYD57Vc","TCADY1841528","https://open.spotify.com/track/439tGS9rVbyTjj5SmneD56",0.473,0.449,0,-8.63,1,0.0259,0.495,0,0.158,0.245,71.99,"audio_features","spotify:track:439tGS9rVbyTjj5SmneD56","https://api.spotify.com/v1/tracks/439tGS9rVbyTjj5SmneD56","https://api.spotify.com/v1/audio-analysis/439tGS9rVbyTjj5SmneD56",331839,4,"Si Han"
1,222333,FALSE,"https://api.spotify.com/v1/tracks/56wVfJKtnwlSZtC4NVgIrf","56wVfJKtnwlSZtC4NVgIrf",FALSE,"說好不哭",63,"https://p.scdn.co/mp3-preview/199d742bae744fb0bbcc8997044be4c2a633fca4?cid=0a65c6ae76cc413aa20d89ccec00ef2e",1,"track","spotify:track:56wVfJKtnwlSZtC4NVgIrf","SINGLE","https://api.spotify.com/v1/albums/1aNkIWX1Uz0mSUK3OAFygO","1aNkIWX1Uz0mSUK3OAFygO","說好不哭","2019-09-16","day",1,"album","spotify:album:1aNkIWX1Uz0mSUK3OAFygO","https://open.spotify.com/album/1aNkIWX1Uz0mSUK3OAFygO","TWK971901101","https://open.spotify.com/track/56wVfJKtnwlSZtC4NVgIrf",0.512,0.35,10,-11.843,1,0.0311,0.478,1.15e-06,0.0855,0.343,152.023,"audio_features","spotify:track:56wVfJKtnwlSZtC4NVgIrf","https://api.spotify.com/v1/tracks/56wVfJKtnwlSZtC4NVgIrf","https://api.spotify.com/v1/audio-analysis/56wVfJKtnwlSZtC4NVgIrf",222333,4,"Si Han"
1,304013,FALSE,"https://api.spotify.com/v1/tracks/6brwDSeJthAw2WvlcLWEXj","6brwDSeJthAw2WvlcLWEXj",FALSE,"Holy Spirit, Living Breath Of God/Gabriel's Oboe - Live",35,"https://p.scdn.co/mp3-preview/68833283d26fa47b720b0cbc097f2be60b85fe8e?cid=0a65c6ae76cc413aa20d89ccec00ef2e",15,"track","spotify:track:6brwDSeJthAw2WvlcLWEXj","ALBUM","https://api.spotify.com/v1/albums/6c2wV1wW3nTz45RcSvqphh","6c2wV1wW3nTz45RcSvqphh","Live At The Gospel Coalition","2013-01-01","day",16,"album","spotify:album:6c2wV1wW3nTz45RcSvqphh","https://open.spotify.com/album/6c2wV1wW3nTz45RcSvqphh","USY5K1300016","https://open.spotify.com/track/6brwDSeJthAw2WvlcLWEXj",0.244,0.249,2,-10.615,1,0.0318,0.785,1.03e-06,0.122,0.16,72.153,"audio_features","spotify:track:6brwDSeJthAw2WvlcLWEXj","https://api.spotify.com/v1/tracks/6brwDSeJthAw2WvlcLWEXj","https://api.spotify.com/v1/audio-analysis/6brwDSeJthAw2WvlcLWEXj",304013,4,"Si Han"
1,346346,FALSE,"https://api.spotify.com/v1/tracks/4irEfIEfEXuaPVOYDCw5Rm","4irEfIEfEXuaPVOYDCw5Rm",FALSE,"I Surrender",58,"https://p.scdn.co/mp3-preview/6f651482ccc1531cf781318cbe513ac061352b7f?cid=0a65c6ae76cc413aa20d89ccec00ef2e",4,"track","spotify:track:4irEfIEfEXuaPVOYDCw5Rm","ALBUM","https://api.spotify.com/v1/albums/5wBEavD9XYCXY6ALqFHeLW","5wBEavD9XYCXY6ALqFHeLW","Cornerstone (Live)","2012-07-03","day",13,"album","spotify:album:5wBEavD9XYCXY6ALqFHeLW","https://open.spotify.com/album/5wBEavD9XYCXY6ALqFHeLW","AUHS01204884","https://open.spotify.com/track/4irEfIEfEXuaPVOYDCw5Rm",0.269,0.521,5,-7.402,1,0.0338,0.023,0.00228,0.205,0.12,154.087,"audio_features","spotify:track:4irEfIEfEXuaPVOYDCw5Rm","https://api.spotify.com/v1/tracks/4irEfIEfEXuaPVOYDCw5Rm","https://api.spotify.com/v1/audio-analysis/4irEfIEfEXuaPVOYDCw5Rm",346347,3,"Si Han"
1,351718,FALSE,"https://api.spotify.com/v1/tracks/5yZcK6LIBxD6Ia5vYuEr6v","5yZcK6LIBxD6Ia5vYuEr6v",FALSE,"Come Thou Fount (Above All Else)",44,"https://p.scdn.co/mp3-preview/513a4d4aae0c4a748d549c283f0d7cf97c1b3981?cid=0a65c6ae76cc413aa20d89ccec00ef2e",4,"track","spotify:track:5yZcK6LIBxD6Ia5vYuEr6v","ALBUM","https://api.spotify.com/v1/albums/2LE9j1hE1bGMiRK4KUdiEF","2LE9j1hE1bGMiRK4KUdiEF","Hymns, Vol. 1","2018-09-07","day",10,"album","spotify:album:2LE9j1hE1bGMiRK4KUdiEF","https://open.spotify.com/album/2LE9j1hE1bGMiRK4KUdiEF","USDHM1818543","https://open.spotify.com/track/5yZcK6LIBxD6Ia5vYuEr6v",0.537,0.348,2,-9.276,1,0.0315,0.581,0,0.176,0.238,130.151,"audio_features","spotify:track:5yZcK6LIBxD6Ia5vYuEr6v","https://api.spotify.com/v1/tracks/5yZcK6LIBxD6Ia5vYuEr6v","https://api.spotify.com/v1/audio-analysis/5yZcK6LIBxD6Ia5vYuEr6v",351718,3,"Si Han"
1,339902,FALSE,"https://api.spotify.com/v1/tracks/7yTt2LCXmLFbERuC4cSL88","7yTt2LCXmLFbERuC4cSL88",FALSE,"No Longer Slaves (Live)",37,"https://p.scdn.co/mp3-preview/2f66afc8e96196248da50d45d01c9b1df5081bf5?cid=0a65c6ae76cc413aa20d89ccec00ef2e",12,"track","spotify:track:7yTt2LCXmLFbERuC4cSL88","ALBUM","https://api.spotify.com/v1/albums/3UzKQzSKz9lo1rGBDm7iFv","3UzKQzSKz9lo1rGBDm7iFv","Psalms Live","2016-11-24","day",13,"album","spotify:album:3UzKQzSKz9lo1rGBDm7iFv","https://open.spotify.com/album/3UzKQzSKz9lo1rGBDm7iFv","USDHM1699912","https://open.spotify.com/track/7yTt2LCXmLFbERuC4cSL88",0.467,0.583,9,-6.601,1,0.0309,0.0967,0.000238,0.372,0.281,147.688,"audio_features","spotify:track:7yTt2LCXmLFbERuC4cSL88","https://api.spotify.com/v1/tracks/7yTt2LCXmLFbERuC4cSL88","https://api.spotify.com/v1/audio-analysis/7yTt2LCXmLFbERuC4cSL88",339903,4,"Si Han"
1,444314,FALSE,"https://api.spotify.com/v1/tracks/1e58fEprNEGwk1Btxmfaac","1e58fEprNEGwk1Btxmfaac",FALSE,"Holy, Holy, Holy (We Bow Before Thee)",42,"https://p.scdn.co/mp3-preview/fb5536ca7409200b4e0249ac7d57dac348f736e3?cid=0a65c6ae76cc413aa20d89ccec00ef2e",6,"track","spotify:track:1e58fEprNEGwk1Btxmfaac","ALBUM","https://api.spotify.com/v1/albums/2LE9j1hE1bGMiRK4KUdiEF","2LE9j1hE1bGMiRK4KUdiEF","Hymns, Vol. 1","2018-09-07","day",10,"album","spotify:album:2LE9j1hE1bGMiRK4KUdiEF","https://open.spotify.com/album/2LE9j1hE1bGMiRK4KUdiEF","USDHM1818545","https://open.spotify.com/track/1e58fEprNEGwk1Btxmfaac",0.275,0.419,0,-8.667,1,0.0335,0.18,0.000816,0.117,0.11,71.161,"audio_features","spotify:track:1e58fEprNEGwk1Btxmfaac","https://api.spotify.com/v1/tracks/1e58fEprNEGwk1Btxmfaac","https://api.spotify.com/v1/audio-analysis/1e58fEprNEGwk1Btxmfaac",444314,4,"Si Han"
1,269781,FALSE,"https://api.spotify.com/v1/tracks/6SSRpCaF6xshmn86oJ9LmR","6SSRpCaF6xshmn86oJ9LmR",FALSE,"Amazing Grace (My Chains Are Gone) [Live]",39,"https://p.scdn.co/mp3-preview/58e7e19b12f9d330380c84b75d417152d1b27aca?cid=0a65c6ae76cc413aa20d89ccec00ef2e",6,"track","spotify:track:6SSRpCaF6xshmn86oJ9LmR","ALBUM","https://api.spotify.com/v1/albums/4q4dWDNJcrxHnjO8zo3spx","4q4dWDNJcrxHnjO8zo3spx","Hymns Live","2019-02-08","day",13,"album","spotify:album:4q4dWDNJcrxHnjO8zo3spx","https://open.spotify.com/album/4q4dWDNJcrxHnjO8zo3spx","USDHM1999906","https://open.spotify.com/track/6SSRpCaF6xshmn86oJ9LmR",0.269,0.382,7,-10.388,1,0.0307,0.772,7.8e-06,0.155,0.181,124.213,"audio_features","spotify:track:6SSRpCaF6xshmn86oJ9LmR","https://api.spotify.com/v1/tracks/6SSRpCaF6xshmn86oJ9LmR","https://api.spotify.com/v1/audio-analysis/6SSRpCaF6xshmn86oJ9LmR",269782,4,"Si Han"
1,448971,FALSE,"https://api.spotify.com/v1/tracks/7DcGVBpRxFQZ2mliJnBdNl","7DcGVBpRxFQZ2mliJnBdNl",FALSE,"There Is a Fountain (Full of Love) [Live]",40,"https://p.scdn.co/mp3-preview/fca0ea36fb61cf2319e19c46033ffe9bb6d178de?cid=0a65c6ae76cc413aa20d89ccec00ef2e",11,"track","spotify:track:7DcGVBpRxFQZ2mliJnBdNl","ALBUM","https://api.spotify.com/v1/albums/4q4dWDNJcrxHnjO8zo3spx","4q4dWDNJcrxHnjO8zo3spx","Hymns Live","2019-02-08","day",13,"album","spotify:album:4q4dWDNJcrxHnjO8zo3spx","https://open.spotify.com/album/4q4dWDNJcrxHnjO8zo3spx","USDHM1999911","https://open.spotify.com/track/7DcGVBpRxFQZ2mliJnBdNl",0.489,0.376,11,-10.297,1,0.0326,0.751,0.00143,0.688,0.139,126.006,"audio_features","spotify:track:7DcGVBpRxFQZ2mliJnBdNl","https://api.spotify.com/v1/tracks/7DcGVBpRxFQZ2mliJnBdNl","https://api.spotify.com/v1/audio-analysis/7DcGVBpRxFQZ2mliJnBdNl",448972,4,"Si Han"
1,335480,FALSE,"https://api.spotify.com/v1/tracks/3Vl7IqSQsAsfScssywTDny","3Vl7IqSQsAsfScssywTDny",FALSE,"將故事寫成我們",52,"https://p.scdn.co/mp3-preview/cfaa9aa80588b8e710e7404ce1e6828bfe00cd90?cid=0a65c6ae76cc413aa20d89ccec00ef2e",1,"track","spotify:track:3Vl7IqSQsAsfScssywTDny","SINGLE","https://api.spotify.com/v1/albums/1HfahU2Hx8p8jq9IHkD4Mq","1HfahU2Hx8p8jq9IHkD4Mq","將故事寫成我們","2019-09-20","day",1,"album","spotify:album:1HfahU2Hx8p8jq9IHkD4Mq","https://open.spotify.com/album/1HfahU2Hx8p8jq9IHkD4Mq","TWA531901551","https://open.spotify.com/track/3Vl7IqSQsAsfScssywTDny",0.462,0.636,8,-4.349,1,0.0309,0.611,0,0.109,0.388,134.933,"audio_features","spotify:track:3Vl7IqSQsAsfScssywTDny","https://api.spotify.com/v1/tracks/3Vl7IqSQsAsfScssywTDny","https://api.spotify.com/v1/audio-analysis/3Vl7IqSQsAsfScssywTDny",335480,4,"Si Han"
1,378076,FALSE,"https://api.spotify.com/v1/tracks/4FwOCO9W6aH5QSh7dix8ey","4FwOCO9W6aH5QSh7dix8ey",FALSE,"I Will Wait for You (Psalm 130) [Live]",53,"https://p.scdn.co/mp3-preview/e16533b815bfa32105f65cb9598eedef4176a985?cid=0a65c6ae76cc413aa20d89ccec00ef2e",7,"track","spotify:track:4FwOCO9W6aH5QSh7dix8ey","ALBUM","https://api.spotify.com/v1/albums/4q4dWDNJcrxHnjO8zo3spx","4q4dWDNJcrxHnjO8zo3spx","Hymns Live","2019-02-08","day",13,"album","spotify:album:4q4dWDNJcrxHnjO8zo3spx","https://open.spotify.com/album/4q4dWDNJcrxHnjO8zo3spx","USDHM1999907","https://open.spotify.com/track/4FwOCO9W6aH5QSh7dix8ey",0.412,0.371,0,-8.831,1,0.0336,0.435,0,0.117,0.206,129.409,"audio_features","spotify:track:4FwOCO9W6aH5QSh7dix8ey","https://api.spotify.com/v1/tracks/4FwOCO9W6aH5QSh7dix8ey","https://api.spotify.com/v1/audio-analysis/4FwOCO9W6aH5QSh7dix8ey",378077,3,"Si Han"
1,241013,FALSE,"https://api.spotify.com/v1/tracks/5S3KGLRJlrwZq0xfT3VLdV","5S3KGLRJlrwZq0xfT3VLdV",FALSE,"Speak O Lord",50,"https://p.scdn.co/mp3-preview/1ce960b143c2d254ad0bcdbe13c96cc7970bc1ef?cid=0a65c6ae76cc413aa20d89ccec00ef2e",9,"track","spotify:track:5S3KGLRJlrwZq0xfT3VLdV","ALBUM","https://api.spotify.com/v1/albums/6ZVTgCnYuK6Y5TFO4lna5V","6ZVTgCnYuK6Y5TFO4lna5V","In Christ Alone","2006-01-01","day",11,"album","spotify:album:6ZVTgCnYuK6Y5TFO4lna5V","https://open.spotify.com/album/6ZVTgCnYuK6Y5TFO4lna5V","USY5K0600090","https://open.spotify.com/track/5S3KGLRJlrwZq0xfT3VLdV",0.429,0.153,8,-11.482,1,0.0307,0.9,0,0.13,0.317,106.064,"audio_features","spotify:track:5S3KGLRJlrwZq0xfT3VLdV","https://api.spotify.com/v1/tracks/5S3KGLRJlrwZq0xfT3VLdV","https://api.spotify.com/v1/audio-analysis/5S3KGLRJlrwZq0xfT3VLdV",241013,1,"Si Han"
1,320986,FALSE,"https://api.spotify.com/v1/tracks/6ylhMPeBV9kF5dYvBAO2tQ","6ylhMPeBV9kF5dYvBAO2tQ",FALSE,"Christ Is Enough",60,"https://p.scdn.co/mp3-preview/d9e016971bd670533eb5e994dc3f5620e50aee2f?cid=0a65c6ae76cc413aa20d89ccec00ef2e",3,"track","spotify:track:6ylhMPeBV9kF5dYvBAO2tQ","ALBUM","https://api.spotify.com/v1/albums/5eAhEoM3VCWblK3H9YUPfA","5eAhEoM3VCWblK3H9YUPfA","Glorious Ruins","2013-06-28","day",12,"album","spotify:album:5eAhEoM3VCWblK3H9YUPfA","https://open.spotify.com/album/5eAhEoM3VCWblK3H9YUPfA","AUHS01305327","https://open.spotify.com/track/6ylhMPeBV9kF5dYvBAO2tQ",0.366,0.812,11,-4.609,1,0.034,0.00946,0,0.292,0.241,79.962,"audio_features","spotify:track:6ylhMPeBV9kF5dYvBAO2tQ","https://api.spotify.com/v1/tracks/6ylhMPeBV9kF5dYvBAO2tQ","https://api.spotify.com/v1/audio-analysis/6ylhMPeBV9kF5dYvBAO2tQ",320987,4,"Si Han"
1,294386,FALSE,"https://api.spotify.com/v1/tracks/1SnZi2eVU2kcXRNJT6ek4J","1SnZi2eVU2kcXRNJT6ek4J",FALSE,"How Great Thou Art",51,"https://p.scdn.co/mp3-preview/ff5cf01a5ba48f0f055c09abc27e34584999399f?cid=0a65c6ae76cc413aa20d89ccec00ef2e",2,"track","spotify:track:1SnZi2eVU2kcXRNJT6ek4J","ALBUM","https://api.spotify.com/v1/albums/2LE9j1hE1bGMiRK4KUdiEF","2LE9j1hE1bGMiRK4KUdiEF","Hymns, Vol. 1","2018-09-07","day",10,"album","spotify:album:2LE9j1hE1bGMiRK4KUdiEF","https://open.spotify.com/album/2LE9j1hE1bGMiRK4KUdiEF","USDHM1818541","https://open.spotify.com/track/1SnZi2eVU2kcXRNJT6ek4J",0.46,0.509,2,-6.997,1,0.0303,0.289,0.000143,0.351,0.297,115.89,"audio_features","spotify:track:1SnZi2eVU2kcXRNJT6ek4J","https://api.spotify.com/v1/tracks/1SnZi2eVU2kcXRNJT6ek4J","https://api.spotify.com/v1/audio-analysis/1SnZi2eVU2kcXRNJT6ek4J",294387,4,"Si Han"
1,290429,FALSE,"https://api.spotify.com/v1/tracks/4erPpahktk6pMrlxb6VUkB","4erPpahktk6pMrlxb6VUkB",FALSE,"I Surrender All (All I Am)",31,"https://p.scdn.co/mp3-preview/414c1175db0240d326deddaa0fba9ad1171dea57?cid=0a65c6ae76cc413aa20d89ccec00ef2e",8,"track","spotify:track:4erPpahktk6pMrlxb6VUkB","ALBUM","https://api.spotify.com/v1/albums/2xybZ1NugRhp2eJlhw5ZBD","2xybZ1NugRhp2eJlhw5ZBD","The Worship Initiative, Vol. 21","2020-06-19","day",10,"album","spotify:album:2xybZ1NugRhp2eJlhw5ZBD","https://open.spotify.com/album/2xybZ1NugRhp2eJlhw5ZBD","USDHM2019806","https://open.spotify.com/track/4erPpahktk6pMrlxb6VUkB",0.263,0.19,0,-15.137,1,0.0302,0.471,0,0.0626,0.233,146.499,"audio_features","spotify:track:4erPpahktk6pMrlxb6VUkB","https://api.spotify.com/v1/tracks/4erPpahktk6pMrlxb6VUkB","https://api.spotify.com/v1/audio-analysis/4erPpahktk6pMrlxb6VUkB",290430,4,"Si Han"
1,409146,FALSE,"https://api.spotify.com/v1/tracks/23STcG7v9HNwdqnROFSS8n","23STcG7v9HNwdqnROFSS8n",FALSE,"Cornerstone",56,"https://p.scdn.co/mp3-preview/0b325f64cb67649c4bdcf1e02af4b40cec2e4f44?cid=0a65c6ae76cc413aa20d89ccec00ef2e",3,"track","spotify:track:23STcG7v9HNwdqnROFSS8n","ALBUM","https://api.spotify.com/v1/albums/5wBEavD9XYCXY6ALqFHeLW","5wBEavD9XYCXY6ALqFHeLW","Cornerstone (Live)","2012-07-03","day",13,"album","spotify:album:5wBEavD9XYCXY6ALqFHeLW","https://open.spotify.com/album/5wBEavD9XYCXY6ALqFHeLW","AUHS01204883","https://open.spotify.com/track/23STcG7v9HNwdqnROFSS8n",0.391,0.568,0,-6.698,1,0.031,0.0477,2.35e-05,0.538,0.129,142.977,"audio_features","spotify:track:23STcG7v9HNwdqnROFSS8n","https://api.spotify.com/v1/tracks/23STcG7v9HNwdqnROFSS8n","https://api.spotify.com/v1/audio-analysis/23STcG7v9HNwdqnROFSS8n",409147,4,"Si Han"
1,236693,FALSE,"https://api.spotify.com/v1/tracks/7MAZkVZuVEDZfUOOrty0nu","7MAZkVZuVEDZfUOOrty0nu",FALSE,"Before You I Kneel (A Worker's Prayer)",24,"https://p.scdn.co/mp3-preview/6b9738422ce9d44b85db968cf52cb920ea8e7a27?cid=0a65c6ae76cc413aa20d89ccec00ef2e",5,"track","spotify:track:7MAZkVZuVEDZfUOOrty0nu","ALBUM","https://api.spotify.com/v1/albums/0ErgJiXJ7wucA4jmacB3wB","0ErgJiXJ7wucA4jmacB3wB","Hymns For The Christian Life (Deluxe)","2012-01-01","day",15,"album","spotify:album:0ErgJiXJ7wucA4jmacB3wB","https://open.spotify.com/album/0ErgJiXJ7wucA4jmacB3wB","USY5K1200011","https://open.spotify.com/track/7MAZkVZuVEDZfUOOrty0nu",0.341,0.275,0,-9.904,1,0.0288,0.814,5.27e-05,0.0962,0.325,89.294,"audio_features","spotify:track:7MAZkVZuVEDZfUOOrty0nu","https://api.spotify.com/v1/tracks/7MAZkVZuVEDZfUOOrty0nu","https://api.spotify.com/v1/audio-analysis/7MAZkVZuVEDZfUOOrty0nu",236693,4,"Si Han"
1,305054,FALSE,"https://api.spotify.com/v1/tracks/2L6oInj5KFDnxQs9cUIS6Q","2L6oInj5KFDnxQs9cUIS6Q",FALSE,"Behold The Lamb",37,"https://p.scdn.co/mp3-preview/7f3f59a8aa8b6dccd1a73c6ca7ad2f771316a76d?cid=0a65c6ae76cc413aa20d89ccec00ef2e",1,"track","spotify:track:2L6oInj5KFDnxQs9cUIS6Q","ALBUM","https://api.spotify.com/v1/albums/2cuCnA14duuyj2jhlIyG1p","2cuCnA14duuyj2jhlIyG1p","The Worship Initiative, Vol. 20","2020-04-03","day",10,"album","spotify:album:2cuCnA14duuyj2jhlIyG1p","https://open.spotify.com/album/2cuCnA14duuyj2jhlIyG1p","USDHM2009455","https://open.spotify.com/track/2L6oInj5KFDnxQs9cUIS6Q",0.426,0.388,0,-12.084,1,0.0279,0.166,0,0.102,0.268,75.021,"audio_features","spotify:track:2L6oInj5KFDnxQs9cUIS6Q","https://api.spotify.com/v1/tracks/2L6oInj5KFDnxQs9cUIS6Q","https://api.spotify.com/v1/audio-analysis/2L6oInj5KFDnxQs9cUIS6Q",305055,4,"Si Han"
1,318499,FALSE,"https://api.spotify.com/v1/tracks/632VyMrvhsHIsO4zq9khts","632VyMrvhsHIsO4zq9khts",FALSE,"她說",61,"https://p.scdn.co/mp3-preview/c2b951a9e420f3aa614ffb69a299850c53e1f031?cid=0a65c6ae76cc413aa20d89ccec00ef2e",1,"track","spotify:track:632VyMrvhsHIsO4zq9khts","ALBUM","https://api.spotify.com/v1/albums/2jzTdhgI2kvDx6NerFsRe8","2jzTdhgI2kvDx6NerFsRe8","她說","2010-12-08","day",14,"album","spotify:album:2jzTdhgI2kvDx6NerFsRe8","https://open.spotify.com/album/2jzTdhgI2kvDx6NerFsRe8","TWB671005201","https://open.spotify.com/track/632VyMrvhsHIsO4zq9khts",0.335,0.326,0,-7.223,1,0.0331,0.948,0,0.0619,0.326,169.267,"audio_features","spotify:track:632VyMrvhsHIsO4zq9khts","https://api.spotify.com/v1/tracks/632VyMrvhsHIsO4zq9khts","https://api.spotify.com/v1/audio-analysis/632VyMrvhsHIsO4zq9khts",318499,4,"Si Han"
1,243346,FALSE,"https://api.spotify.com/v1/tracks/016DP00vwMNLR10fT8jQka","016DP00vwMNLR10fT8jQka",FALSE,"Resting Place (To the Cross)",37,"https://p.scdn.co/mp3-preview/870e96b1cd69954938e1b02cc02d375ba39f8786?cid=0a65c6ae76cc413aa20d89ccec00ef2e",1,"track","spotify:track:016DP00vwMNLR10fT8jQka","SINGLE","https://api.spotify.com/v1/albums/0Dvdd8C1sQ7g9wDsNJ0bWM","0Dvdd8C1sQ7g9wDsNJ0bWM","Resting Place (To the Cross)","2016-06-10","day",1,"album","spotify:album:0Dvdd8C1sQ7g9wDsNJ0bWM","https://open.spotify.com/album/0Dvdd8C1sQ7g9wDsNJ0bWM","USA5W1600054","https://open.spotify.com/track/016DP00vwMNLR10fT8jQka",0.407,0.335,11,-10.01,1,0.032,0.355,0,0.145,0.157,145.977,"audio_features","spotify:track:016DP00vwMNLR10fT8jQka","https://api.spotify.com/v1/tracks/016DP00vwMNLR10fT8jQka","https://api.spotify.com/v1/audio-analysis/016DP00vwMNLR10fT8jQka",243347,4,"Si Han"
1,256733,FALSE,"https://api.spotify.com/v1/tracks/7mfLd5ylIoQsOXDlZjPBn6","7mfLd5ylIoQsOXDlZjPBn6",FALSE,"All I Have Is Christ - Live",31,"https://p.scdn.co/mp3-preview/495c0dc1e36d7904fb56b7752b28967c48246a70?cid=0a65c6ae76cc413aa20d89ccec00ef2e",8,"track","spotify:track:7mfLd5ylIoQsOXDlZjPBn6","ALBUM","https://api.spotify.com/v1/albums/1WXqfOlk9ruoCxVsxkhBCy","1WXqfOlk9ruoCxVsxkhBCy","Sing! Live At The Getty Music Worship Conference","2017-12-01","day",16,"album","spotify:album:1WXqfOlk9ruoCxVsxkhBCy","https://open.spotify.com/album/1WXqfOlk9ruoCxVsxkhBCy","USY5K1700107","https://open.spotify.com/track/7mfLd5ylIoQsOXDlZjPBn6",0.241,0.29,0,-11.683,1,0.032,0.834,0,0.646,0.364,146.945,"audio_features","spotify:track:7mfLd5ylIoQsOXDlZjPBn6","https://api.spotify.com/v1/tracks/7mfLd5ylIoQsOXDlZjPBn6","https://api.spotify.com/v1/audio-analysis/7mfLd5ylIoQsOXDlZjPBn6",256733,3,"Si Han"
1,246066,FALSE,"https://api.spotify.com/v1/tracks/5EweZzmxnku4xK98c07Fqc","5EweZzmxnku4xK98c07Fqc",FALSE,"O Lord, My Rock and My Redeemer - Live",46,"https://p.scdn.co/mp3-preview/b4fab753c27b5a7eafdb0b7626788ca8a1084976?cid=0a65c6ae76cc413aa20d89ccec00ef2e",7,"track","spotify:track:5EweZzmxnku4xK98c07Fqc","ALBUM","https://api.spotify.com/v1/albums/6vx3WJiAST38dlm8NiRXQR","6vx3WJiAST38dlm8NiRXQR","Prayers of the Saints (Live)","2017-11-17","day",15,"album","spotify:album:6vx3WJiAST38dlm8NiRXQR","https://open.spotify.com/album/6vx3WJiAST38dlm8NiRXQR","US25L1733007","https://open.spotify.com/track/5EweZzmxnku4xK98c07Fqc",0.5,0.291,2,-8.631,1,0.0279,0.68,1.88e-05,0.112,0.188,127.706,"audio_features","spotify:track:5EweZzmxnku4xK98c07Fqc","https://api.spotify.com/v1/tracks/5EweZzmxnku4xK98c07Fqc","https://api.spotify.com/v1/audio-analysis/5EweZzmxnku4xK98c07Fqc",246067,4,"Si Han"
1,286171,FALSE,"https://api.spotify.com/v1/tracks/6tgfaQGMIAzcf58M0chYpu","6tgfaQGMIAzcf58M0chYpu",FALSE,"Ancient of Days",51,"https://p.scdn.co/mp3-preview/9bc606200e73b76a921520ba0c76eaa2e971ebd6?cid=0a65c6ae76cc413aa20d89ccec00ef2e",3,"track","spotify:track:6tgfaQGMIAzcf58M0chYpu","SINGLE","https://api.spotify.com/v1/albums/6V9McGDBA1AyixtEDIrEyQ","6V9McGDBA1AyixtEDIrEyQ","Yet Not I","2018-12-09","day",6,"album","spotify:album:6V9McGDBA1AyixtEDIrEyQ","https://open.spotify.com/album/6V9McGDBA1AyixtEDIrEyQ","TCADZ1802285","https://open.spotify.com/track/6tgfaQGMIAzcf58M0chYpu",0.438,0.431,0,-8.611,1,0.0274,0.651,0,0.725,0.26,77.962,"audio_features","spotify:track:6tgfaQGMIAzcf58M0chYpu","https://api.spotify.com/v1/tracks/6tgfaQGMIAzcf58M0chYpu","https://api.spotify.com/v1/audio-analysis/6tgfaQGMIAzcf58M0chYpu",286172,3,"Si Han"
1,327000,FALSE,"https://api.spotify.com/v1/tracks/6GiHwHmnJBYSOL3jloIYaR","6GiHwHmnJBYSOL3jloIYaR",FALSE,"Living Hope",26,"https://p.scdn.co/mp3-preview/2a1a46560d8738cce34ea00c825e28a24eec290d?cid=0a65c6ae76cc413aa20d89ccec00ef2e",1,"track","spotify:track:6GiHwHmnJBYSOL3jloIYaR","SINGLE","https://api.spotify.com/v1/albums/2E2Tyy0UcEV4lu4aibSxDy","2E2Tyy0UcEV4lu4aibSxDy","Living Hope","2018-03-30","day",1,"album","spotify:album:2E2Tyy0UcEV4lu4aibSxDy","https://open.spotify.com/album/2E2Tyy0UcEV4lu4aibSxDy","USM2C1800501","https://open.spotify.com/track/6GiHwHmnJBYSOL3jloIYaR",0.211,0.558,3,-6.232,1,0.041,0.0304,0,0.0978,0.317,143.452,"audio_features","spotify:track:6GiHwHmnJBYSOL3jloIYaR","https://api.spotify.com/v1/tracks/6GiHwHmnJBYSOL3jloIYaR","https://api.spotify.com/v1/audio-analysis/6GiHwHmnJBYSOL3jloIYaR",327000,4,"Si Han"
1,313426,FALSE,"https://api.spotify.com/v1/tracks/5P328qOe4HhmYu32J0RCdu","5P328qOe4HhmYu32J0RCdu",FALSE,"Such an Awesome God",35,"https://p.scdn.co/mp3-preview/dbb524d02bd37053453995c1af58b686c01189d5?cid=0a65c6ae76cc413aa20d89ccec00ef2e",5,"track","spotify:track:5P328qOe4HhmYu32J0RCdu","ALBUM","https://api.spotify.com/v1/albums/0CmnHXF54fEkpmW2qNwwSp","0CmnHXF54fEkpmW2qNwwSp","The Worship Initiative, Vol. 22","2020-09-25","day",11,"album","spotify:album:0CmnHXF54fEkpmW2qNwwSp","https://open.spotify.com/album/0CmnHXF54fEkpmW2qNwwSp","USDHM2022941","https://open.spotify.com/track/5P328qOe4HhmYu32J0RCdu",0.255,0.311,4,-12.139,1,0.0339,0.105,0,0.116,0.0879,132.8,"audio_features","spotify:track:5P328qOe4HhmYu32J0RCdu","https://api.spotify.com/v1/tracks/5P328qOe4HhmYu32J0RCdu","https://api.spotify.com/v1/audio-analysis/5P328qOe4HhmYu32J0RCdu",313427,4,"Si Han"
1,309840,FALSE,"https://api.spotify.com/v1/tracks/4cSCMlCcY65zlz1ZPhqsCe","4cSCMlCcY65zlz1ZPhqsCe",FALSE,"離開你以後 - 電影《你的婚禮》插曲",64,"https://p.scdn.co/mp3-preview/a17b76039f0d27816e1efb42b61bc6cf510069ec?cid=0a65c6ae76cc413aa20d89ccec00ef2e",1,"track","spotify:track:4cSCMlCcY65zlz1ZPhqsCe","SINGLE","https://api.spotify.com/v1/albums/5CPLcd9fvDNZz4xkAuoovk","5CPLcd9fvDNZz4xkAuoovk","離開你以後 (電影《你的婚禮》插曲)","2021-05-25","day",1,"album","spotify:album:5CPLcd9fvDNZz4xkAuoovk","https://open.spotify.com/album/5CPLcd9fvDNZz4xkAuoovk","TWAP12100003","https://open.spotify.com/track/4cSCMlCcY65zlz1ZPhqsCe",0.24,0.469,3,-9.235,1,0.0361,0.753,2.05e-06,0.0917,0.24,154.969,"audio_features","spotify:track:4cSCMlCcY65zlz1ZPhqsCe","https://api.spotify.com/v1/tracks/4cSCMlCcY65zlz1ZPhqsCe","https://api.spotify.com/v1/audio-analysis/4cSCMlCcY65zlz1ZPhqsCe",309840,4,"Si Han"
1,346282,FALSE,"https://api.spotify.com/v1/tracks/13AruKdh8wJhWx6i5dV8X1","13AruKdh8wJhWx6i5dV8X1",FALSE,"後來的我們",61,"https://p.scdn.co/mp3-preview/62e4adf732d5e1f03cf7a521cc393d2649f3e8e2?cid=0a65c6ae76cc413aa20d89ccec00ef2e",6,"track","spotify:track:13AruKdh8wJhWx6i5dV8X1","ALBUM","https://api.spotify.com/v1/albums/4hg4cR8QMbE0xuvoxoA6DX","4hg4cR8QMbE0xuvoxoA6DX","自傳","2016-07-21","day",13,"album","spotify:album:4hg4cR8QMbE0xuvoxoA6DX","https://open.spotify.com/album/4hg4cR8QMbE0xuvoxoA6DX","TWK231610206","https://open.spotify.com/track/13AruKdh8wJhWx6i5dV8X1",0.488,0.602,0,-3.697,1,0.0277,0.0119,0,0.0825,0.225,78.011,"audio_features","spotify:track:13AruKdh8wJhWx6i5dV8X1","https://api.spotify.com/v1/tracks/13AruKdh8wJhWx6i5dV8X1","https://api.spotify.com/v1/audio-analysis/13AruKdh8wJhWx6i5dV8X1",346282,4,"Si Han"
1,343080,FALSE,"https://api.spotify.com/v1/tracks/4EiKZxDgW0sbT8BZ9Gl6dC","4EiKZxDgW0sbT8BZ9Gl6dC",FALSE,"What A Beautiful Name",59,"https://p.scdn.co/mp3-preview/38a19570ed4d4d182cdd8fb40d16bc5a3e0910c4?cid=0a65c6ae76cc413aa20d89ccec00ef2e",5,"track","spotify:track:4EiKZxDgW0sbT8BZ9Gl6dC","ALBUM","https://api.spotify.com/v1/albums/5afUmwQPcIv6g6Yi5DW7VB","5afUmwQPcIv6g6Yi5DW7VB","let there be light.","2016-10-14","day",17,"album","spotify:album:5afUmwQPcIv6g6Yi5DW7VB","https://open.spotify.com/album/5afUmwQPcIv6g6Yi5DW7VB","AUHS01608453","https://open.spotify.com/track/4EiKZxDgW0sbT8BZ9Gl6dC",0.396,0.5,2,-7.746,1,0.032,0.0128,0,0.535,0.099,135.857,"audio_features","spotify:track:4EiKZxDgW0sbT8BZ9Gl6dC","https://api.spotify.com/v1/tracks/4EiKZxDgW0sbT8BZ9Gl6dC","https://api.spotify.com/v1/audio-analysis/4EiKZxDgW0sbT8BZ9Gl6dC",343080,4,"Si Han"
1,287080,FALSE,"https://api.spotify.com/v1/tracks/2Zxili8AmCuqiomg9HzTgH","2Zxili8AmCuqiomg9HzTgH",FALSE,"Psalm 23 (Surely Goodness, Surely Mercy)",55,"https://p.scdn.co/mp3-preview/4c24b782ca62292868f25639da0b0342d76e89e2?cid=0a65c6ae76cc413aa20d89ccec00ef2e",12,"track","spotify:track:2Zxili8AmCuqiomg9HzTgH","ALBUM","https://api.spotify.com/v1/albums/6pwAGIb6tyzhbsxmEeoTYu","6pwAGIb6tyzhbsxmEeoTYu","Psalms, Vol. 2","2015-10-23","day",12,"album","spotify:album:6pwAGIb6tyzhbsxmEeoTYu","https://open.spotify.com/album/6pwAGIb6tyzhbsxmEeoTYu","USDHM1599935","https://open.spotify.com/track/2Zxili8AmCuqiomg9HzTgH",0.509,0.276,0,-10.406,1,0.0301,0.203,0,0.15,0.138,109.707,"audio_features","spotify:track:2Zxili8AmCuqiomg9HzTgH","https://api.spotify.com/v1/tracks/2Zxili8AmCuqiomg9HzTgH","https://api.spotify.com/v1/audio-analysis/2Zxili8AmCuqiomg9HzTgH",287080,4,"Si Han"
1,293802,FALSE,"https://api.spotify.com/v1/tracks/2biU8EO9TFZ6lMz8q6A92W","2biU8EO9TFZ6lMz8q6A92W",FALSE,"Is He Worthy (Live)",51,"https://p.scdn.co/mp3-preview/6d0b9fc1396e00a59c4821dd75e515809722e762?cid=0a65c6ae76cc413aa20d89ccec00ef2e",1,"track","spotify:track:2biU8EO9TFZ6lMz8q6A92W","ALBUM","https://api.spotify.com/v1/albums/4q4dWDNJcrxHnjO8zo3spx","4q4dWDNJcrxHnjO8zo3spx","Hymns Live","2019-02-08","day",13,"album","spotify:album:4q4dWDNJcrxHnjO8zo3spx","https://open.spotify.com/album/4q4dWDNJcrxHnjO8zo3spx","USDHM1999901","https://open.spotify.com/track/2biU8EO9TFZ6lMz8q6A92W",0.356,0.428,2,-9.459,1,0.0321,0.703,0,0.211,0.104,143.658,"audio_features","spotify:track:2biU8EO9TFZ6lMz8q6A92W","https://api.spotify.com/v1/tracks/2biU8EO9TFZ6lMz8q6A92W","https://api.spotify.com/v1/audio-analysis/2biU8EO9TFZ6lMz8q6A92W",293803,4,"Si Han"
1,276344,FALSE,"https://api.spotify.com/v1/tracks/5fPwGIyhL82FEuX3ITXyuX","5fPwGIyhL82FEuX3ITXyuX",FALSE,"In Christ Alone",46,"https://p.scdn.co/mp3-preview/4c85c94c42cd657c4df441c1b5f543e116ce591a?cid=0a65c6ae76cc413aa20d89ccec00ef2e",9,"track","spotify:track:5fPwGIyhL82FEuX3ITXyuX","ALBUM","https://api.spotify.com/v1/albums/2LE9j1hE1bGMiRK4KUdiEF","2LE9j1hE1bGMiRK4KUdiEF","Hymns, Vol. 1","2018-09-07","day",10,"album","spotify:album:2LE9j1hE1bGMiRK4KUdiEF","https://open.spotify.com/album/2LE9j1hE1bGMiRK4KUdiEF","USDHM1818548","https://open.spotify.com/track/5fPwGIyhL82FEuX3ITXyuX",0.535,0.484,4,-8.668,1,0.0346,0.494,0.00023,0.107,0.422,121.992,"audio_features","spotify:track:5fPwGIyhL82FEuX3ITXyuX","https://api.spotify.com/v1/tracks/5fPwGIyhL82FEuX3ITXyuX","https://api.spotify.com/v1/audio-analysis/5fPwGIyhL82FEuX3ITXyuX",276344,3,"Si Han"
1,360819,FALSE,"https://api.spotify.com/v1/tracks/14P7NXsAZZRxVkM7x3D0e5","14P7NXsAZZRxVkM7x3D0e5",FALSE,"Blessed Assurance",37,"https://p.scdn.co/mp3-preview/91cb41e064b736328c591c3c9627fc991c823213?cid=0a65c6ae76cc413aa20d89ccec00ef2e",9,"track","spotify:track:14P7NXsAZZRxVkM7x3D0e5","ALBUM","https://api.spotify.com/v1/albums/2VZXpz7RzBvtyFEv9OEGbQ","2VZXpz7RzBvtyFEv9OEGbQ","The Worship Initiative, Vol. 19","2020-02-28","day",10,"album","spotify:album:2VZXpz7RzBvtyFEv9OEGbQ","https://open.spotify.com/album/2VZXpz7RzBvtyFEv9OEGbQ","USDHM2004254","https://open.spotify.com/track/14P7NXsAZZRxVkM7x3D0e5",0.403,0.164,2,-15.05,1,0.0318,0.541,0.000113,0.0923,0.15,137.893,"audio_features","spotify:track:14P7NXsAZZRxVkM7x3D0e5","https://api.spotify.com/v1/tracks/14P7NXsAZZRxVkM7x3D0e5","https://api.spotify.com/v1/audio-analysis/14P7NXsAZZRxVkM7x3D0e5",360820,3,"Si Han"
1,536000,FALSE,"https://api.spotify.com/v1/tracks/5SDcksP8En1l6RtTY1wzHc","5SDcksP8En1l6RtTY1wzHc",FALSE,"Oceans (Where Feet May Fail)",72,"https://p.scdn.co/mp3-preview/2b4ff4c0d5358f7dbf85bf924a27c2ca7f6db8ac?cid=0a65c6ae76cc413aa20d89ccec00ef2e",4,"track","spotify:track:5SDcksP8En1l6RtTY1wzHc","ALBUM","https://api.spotify.com/v1/albums/7LHFVlsndw7HxDGJPWJS7S","7LHFVlsndw7HxDGJPWJS7S","Zion","2013-02-23","day",13,"album","spotify:album:7LHFVlsndw7HxDGJPWJS7S","https://open.spotify.com/album/7LHFVlsndw7HxDGJPWJS7S","AUHS01205284","https://open.spotify.com/track/5SDcksP8En1l6RtTY1wzHc",0.264,0.363,2,-10.196,1,0.0338,0.501,0.00406,0.11,0.0613,124.328,"audio_features","spotify:track:5SDcksP8En1l6RtTY1wzHc","https://api.spotify.com/v1/tracks/5SDcksP8En1l6RtTY1wzHc","https://api.spotify.com/v1/audio-analysis/5SDcksP8En1l6RtTY1wzHc",536000,4,"Si Han"
1,281200,FALSE,"https://api.spotify.com/v1/tracks/6kabSi7XCHHGThNme6J2tL","6kabSi7XCHHGThNme6J2tL",FALSE,"如果雨之後",62,"https://p.scdn.co/mp3-preview/a3c76f60aeeaf0d935ec4911d1d15a95967d1293?cid=0a65c6ae76cc413aa20d89ccec00ef2e",4,"track","spotify:track:6kabSi7XCHHGThNme6J2tL","ALBUM","https://api.spotify.com/v1/albums/63lCCebNDe20nxyCvFWk8g","63lCCebNDe20nxyCvFWk8g","如果雨之後","2017-12-15","day",10,"album","spotify:album:63lCCebNDe20nxyCvFWk8g","https://open.spotify.com/album/63lCCebNDe20nxyCvFWk8g","TWA471715004","https://open.spotify.com/track/6kabSi7XCHHGThNme6J2tL",0.315,0.534,6,-5.931,1,0.0332,0.525,0,0.171,0.445,136.725,"audio_features","spotify:track:6kabSi7XCHHGThNme6J2tL","https://api.spotify.com/v1/tracks/6kabSi7XCHHGThNme6J2tL","https://api.spotify.com/v1/audio-analysis/6kabSi7XCHHGThNme6J2tL",281200,4,"Si Han"
1,344221,FALSE,"https://api.spotify.com/v1/tracks/1SeGZM7rbMkyjPhVtXTA4F","1SeGZM7rbMkyjPhVtXTA4F",FALSE,"I Will Trust My Saviour Jesus",47,"https://p.scdn.co/mp3-preview/b3a092ec288ae990721c357b4093b997cef39ca8?cid=0a65c6ae76cc413aa20d89ccec00ef2e",6,"track","spotify:track:1SeGZM7rbMkyjPhVtXTA4F","SINGLE","https://api.spotify.com/v1/albums/6V9McGDBA1AyixtEDIrEyQ","6V9McGDBA1AyixtEDIrEyQ","Yet Not I","2018-12-09","day",6,"album","spotify:album:6V9McGDBA1AyixtEDIrEyQ","https://open.spotify.com/album/6V9McGDBA1AyixtEDIrEyQ","TCADZ1802293","https://open.spotify.com/track/1SeGZM7rbMkyjPhVtXTA4F",0.427,0.406,0,-8.66,1,0.0286,0.637,0,0.117,0.122,145.772,"audio_features","spotify:track:1SeGZM7rbMkyjPhVtXTA4F","https://api.spotify.com/v1/tracks/1SeGZM7rbMkyjPhVtXTA4F","https://api.spotify.com/v1/audio-analysis/1SeGZM7rbMkyjPhVtXTA4F",344221,3,"Si Han"
1,266133,FALSE,"https://api.spotify.com/v1/tracks/5ypwZVBbHoMnX74HtsmzUd","5ypwZVBbHoMnX74HtsmzUd",FALSE,"我知道要微笑",46,"https://p.scdn.co/mp3-preview/3e0476acdf94a18e235cb0b5f2070ad3036f3635?cid=0a65c6ae76cc413aa20d89ccec00ef2e",10,"track","spotify:track:5ypwZVBbHoMnX74HtsmzUd","ALBUM","https://api.spotify.com/v1/albums/63lCCebNDe20nxyCvFWk8g","63lCCebNDe20nxyCvFWk8g","如果雨之後","2017-12-15","day",10,"album","spotify:album:63lCCebNDe20nxyCvFWk8g","https://open.spotify.com/album/63lCCebNDe20nxyCvFWk8g","TWA471715010","https://open.spotify.com/track/5ypwZVBbHoMnX74HtsmzUd",0.221,0.308,11,-9.876,1,0.0356,0.88,4.47e-05,0.14,0.367,169.059,"audio_features","spotify:track:5ypwZVBbHoMnX74HtsmzUd","https://api.spotify.com/v1/tracks/5ypwZVBbHoMnX74HtsmzUd","https://api.spotify.com/v1/audio-analysis/5ypwZVBbHoMnX74HtsmzUd",266133,4,"Si Han"
1,334106,FALSE,"https://api.spotify.com/v1/tracks/6chJJnkpUMiYRESHXcugdV","6chJJnkpUMiYRESHXcugdV",FALSE,"Give Us Vision",0,NA,3,"track","spotify:track:6chJJnkpUMiYRESHXcugdV","ALBUM","https://api.spotify.com/v1/albums/1z7YOr9RxyhscUrYNunFq3","1z7YOr9RxyhscUrYNunFq3","Made New","2015-07-01","day",23,"album","spotify:album:1z7YOr9RxyhscUrYNunFq3","https://open.spotify.com/album/1z7YOr9RxyhscUrYNunFq3","USPED1500027","https://open.spotify.com/track/6chJJnkpUMiYRESHXcugdV",0.35,0.409,9,-7.705,1,0.0286,0.616,0,0.107,0.165,80.022,"audio_features","spotify:track:6chJJnkpUMiYRESHXcugdV","https://api.spotify.com/v1/tracks/6chJJnkpUMiYRESHXcugdV","https://api.spotify.com/v1/audio-analysis/6chJJnkpUMiYRESHXcugdV",334106,4,"Si Han"
1,286766,FALSE,"https://api.spotify.com/v1/tracks/3Kkleq4f1DdS8Oj63ZMuls","3Kkleq4f1DdS8Oj63ZMuls",FALSE,"默默 - 電視劇《創業時代》插曲",36,"https://p.scdn.co/mp3-preview/b726077e5efccd36de653ac181119d1b55084ea7?cid=0a65c6ae76cc413aa20d89ccec00ef2e",2,"track","spotify:track:3Kkleq4f1DdS8Oj63ZMuls","ALBUM","https://api.spotify.com/v1/albums/47aPyiTdz4A8zjy2yNrPlI","47aPyiTdz4A8zjy2yNrPlI","A-Lin原聲帶","2019-05-10","day",8,"album","spotify:album:47aPyiTdz4A8zjy2yNrPlI","https://open.spotify.com/album/47aPyiTdz4A8zjy2yNrPlI","TWCT51717787","https://open.spotify.com/track/3Kkleq4f1DdS8Oj63ZMuls",0.382,0.433,11,-8.978,1,0.0331,0.78,0,0.211,0.477,131.851,"audio_features","spotify:track:3Kkleq4f1DdS8Oj63ZMuls","https://api.spotify.com/v1/tracks/3Kkleq4f1DdS8Oj63ZMuls","https://api.spotify.com/v1/audio-analysis/3Kkleq4f1DdS8Oj63ZMuls",286766,4,"Si Han"
1,288134,FALSE,"https://api.spotify.com/v1/tracks/037u9C5umoOYx84lhm7EgA","037u9C5umoOYx84lhm7EgA",FALSE,"Jerusalem",45,"https://p.scdn.co/mp3-preview/7b052c60916a468a9e68ac22c4a33ad6be7318b5?cid=0a65c6ae76cc413aa20d89ccec00ef2e",5,"track","spotify:track:037u9C5umoOYx84lhm7EgA","ALBUM","https://api.spotify.com/v1/albums/421AXhO4np8qzhiQ7hTDBI","421AXhO4np8qzhiQ7hTDBI","Yours Alone","2015-03-13","day",10,"album","spotify:album:421AXhO4np8qzhiQ7hTDBI","https://open.spotify.com/album/421AXhO4np8qzhiQ7hTDBI","AUDK41400005","https://open.spotify.com/track/037u9C5umoOYx84lhm7EgA",0.502,0.525,11,-6.475,1,0.0282,0.665,0,0.459,0.264,90.015,"audio_features","spotify:track:037u9C5umoOYx84lhm7EgA","https://api.spotify.com/v1/tracks/037u9C5umoOYx84lhm7EgA","https://api.spotify.com/v1/audio-analysis/037u9C5umoOYx84lhm7EgA",288135,4,"Si Han"
1,216160,FALSE,"https://api.spotify.com/v1/tracks/0Z6vz6y3H2TKu5RlfIWfPz","0Z6vz6y3H2TKu5RlfIWfPz",FALSE,"This Life I Live",33,"https://p.scdn.co/mp3-preview/6661616855b3fcade28482120845d70e30dddba8?cid=0a65c6ae76cc413aa20d89ccec00ef2e",5,"track","spotify:track:0Z6vz6y3H2TKu5RlfIWfPz","ALBUM","https://api.spotify.com/v1/albums/4zfSa4VYy6CZEztG9TLtn3","4zfSa4VYy6CZEztG9TLtn3","Undivided","2010-11-10","day",10,"album","spotify:album:4zfSa4VYy6CZEztG9TLtn3","https://open.spotify.com/album/4zfSa4VYy6CZEztG9TLtn3","TCAAS1086201","https://open.spotify.com/track/0Z6vz6y3H2TKu5RlfIWfPz",0.445,0.488,0,-6.213,1,0.0256,0.731,0,0.103,0.326,139.812,"audio_features","spotify:track:0Z6vz6y3H2TKu5RlfIWfPz","https://api.spotify.com/v1/tracks/0Z6vz6y3H2TKu5RlfIWfPz","https://api.spotify.com/v1/audio-analysis/0Z6vz6y3H2TKu5RlfIWfPz",216160,3,"Si Han"
1,230480,FALSE,"https://api.spotify.com/v1/tracks/5E5MqaS6eOsbaJibl3YeMZ","5E5MqaS6eOsbaJibl3YeMZ",FALSE,"Homesick",68,"https://p.scdn.co/mp3-preview/47eb20c4409683df486f8bb518b2e6abf4e617a5?cid=0a65c6ae76cc413aa20d89ccec00ef2e",12,"track","spotify:track:5E5MqaS6eOsbaJibl3YeMZ","ALBUM","https://api.spotify.com/v1/albums/01sfgrNbnnPUEyz6GZYlt9","01sfgrNbnnPUEyz6GZYlt9","Dua Lipa (Deluxe)","2017-06-02","day",17,"album","spotify:album:01sfgrNbnnPUEyz6GZYlt9","https://open.spotify.com/album/01sfgrNbnnPUEyz6GZYlt9","GBAHT1600312","https://open.spotify.com/track/5E5MqaS6eOsbaJibl3YeMZ",0.426,0.224,6,-8.683,1,0.0391,0.948,0,0.112,0.399,85.728,"audio_features","spotify:track:5E5MqaS6eOsbaJibl3YeMZ","https://api.spotify.com/v1/tracks/5E5MqaS6eOsbaJibl3YeMZ","https://api.spotify.com/v1/audio-analysis/5E5MqaS6eOsbaJibl3YeMZ",230480,5,"Si Han"
1,290133,FALSE,"https://api.spotify.com/v1/tracks/7LyCtbxher5m97MImn5M3l","7LyCtbxher5m97MImn5M3l",FALSE,"不該",58,"https://p.scdn.co/mp3-preview/bb78ab92a242ca2cc3d9bff6816012911616939e?cid=0a65c6ae76cc413aa20d89ccec00ef2e",6,"track","spotify:track:7LyCtbxher5m97MImn5M3l","ALBUM","https://api.spotify.com/v1/albums/5clrYp291Dg0XL6rgvOgoB","5clrYp291Dg0XL6rgvOgoB","周杰倫的床邊故事","2016-06-24","day",10,"album","spotify:album:5clrYp291Dg0XL6rgvOgoB","https://open.spotify.com/album/5clrYp291Dg0XL6rgvOgoB","TWK971601306","https://open.spotify.com/track/7LyCtbxher5m97MImn5M3l",0.441,0.619,4,-6.609,1,0.0293,0.19,0,0.118,0.187,75.027,"audio_features","spotify:track:7LyCtbxher5m97MImn5M3l","https://api.spotify.com/v1/tracks/7LyCtbxher5m97MImn5M3l","https://api.spotify.com/v1/audio-analysis/7LyCtbxher5m97MImn5M3l",290133,4,"Si Han"
1,244470,FALSE,"https://api.spotify.com/v1/tracks/5kZDxLcbqglZ2yYXg4Mkjc","5kZDxLcbqglZ2yYXg4Mkjc",FALSE,"那些你很冒險的夢",62,"https://p.scdn.co/mp3-preview/fb5bd081da9e33b0450c90724aa783763031b685?cid=0a65c6ae76cc413aa20d89ccec00ef2e",4,"track","spotify:track:5kZDxLcbqglZ2yYXg4Mkjc","ALBUM","https://api.spotify.com/v1/albums/1hTBgTLTxoaK9TJ8YmnYU5","1hTBgTLTxoaK9TJ8YmnYU5","學不會","2011-12-30","day",12,"album","spotify:album:1hTBgTLTxoaK9TJ8YmnYU5","https://open.spotify.com/album/1hTBgTLTxoaK9TJ8YmnYU5","TWA531107004","https://open.spotify.com/track/5kZDxLcbqglZ2yYXg4Mkjc",0.426,0.487,2,-5.276,1,0.0361,0.785,0,0.259,0.28,135.103,"audio_features","spotify:track:5kZDxLcbqglZ2yYXg4Mkjc","https://api.spotify.com/v1/tracks/5kZDxLcbqglZ2yYXg4Mkjc","https://api.spotify.com/v1/audio-analysis/5kZDxLcbqglZ2yYXg4Mkjc",244470,4,"Si Han"
1,334240,FALSE,"https://api.spotify.com/v1/tracks/4FOydQ5IdqmdeBgG9vFbPg","4FOydQ5IdqmdeBgG9vFbPg",FALSE,"安靜",61,"https://p.scdn.co/mp3-preview/91be0e91a79b72d724536442dcdee084d72ee08e?cid=0a65c6ae76cc413aa20d89ccec00ef2e",10,"track","spotify:track:4FOydQ5IdqmdeBgG9vFbPg","ALBUM","https://api.spotify.com/v1/albums/0xWySBAzp6b37EARWzycQJ","0xWySBAzp6b37EARWzycQJ","范特西","2001-09-14","day",10,"album","spotify:album:0xWySBAzp6b37EARWzycQJ","https://open.spotify.com/album/0xWySBAzp6b37EARWzycQJ","TWK970100210","https://open.spotify.com/track/4FOydQ5IdqmdeBgG9vFbPg",0.507,0.402,10,-7.869,1,0.0279,0.613,8.85e-06,0.11,0.124,143.86,"audio_features","spotify:track:4FOydQ5IdqmdeBgG9vFbPg","https://api.spotify.com/v1/tracks/4FOydQ5IdqmdeBgG9vFbPg","https://api.spotify.com/v1/audio-analysis/4FOydQ5IdqmdeBgG9vFbPg",334240,4,"Si Han"
1,209760,FALSE,"https://api.spotify.com/v1/tracks/3xJK8ywApYVEYIDhymYMC6","3xJK8ywApYVEYIDhymYMC6",FALSE,"遇見",62,"https://p.scdn.co/mp3-preview/7f3d1b4c9e576c925c6936e4198753f13afde09a?cid=0a65c6ae76cc413aa20d89ccec00ef2e",2,"track","spotify:track:3xJK8ywApYVEYIDhymYMC6","ALBUM","https://api.spotify.com/v1/albums/6CGJuQoWMkq1rmStrYbRzr","6CGJuQoWMkq1rmStrYbRzr","The Moment","2003-08-19","day",19,"album","spotify:album:6CGJuQoWMkq1rmStrYbRzr","https://open.spotify.com/album/6CGJuQoWMkq1rmStrYbRzr","TWA530355702","https://open.spotify.com/track/3xJK8ywApYVEYIDhymYMC6",0.631,0.233,8,-13.016,1,0.0329,0.841,3.24e-06,0.228,0.442,91.864,"audio_features","spotify:track:3xJK8ywApYVEYIDhymYMC6","https://api.spotify.com/v1/tracks/3xJK8ywApYVEYIDhymYMC6","https://api.spotify.com/v1/audio-analysis/3xJK8ywApYVEYIDhymYMC6",209760,4,"Si Han"
1,321400,FALSE,"https://api.spotify.com/v1/tracks/0lNRoHi9Y3mB3AklVWAtUf","0lNRoHi9Y3mB3AklVWAtUf",FALSE,"The Lord Is My Salvation",48,"https://p.scdn.co/mp3-preview/c8eeaa8ed58039b7502037237b6f6d5ae88e45e9?cid=0a65c6ae76cc413aa20d89ccec00ef2e",8,"track","spotify:track:0lNRoHi9Y3mB3AklVWAtUf","ALBUM","https://api.spotify.com/v1/albums/391CvgQGKoWJAdCuyHQZKz","391CvgQGKoWJAdCuyHQZKz","Facing A Task Unfinished (Deluxe Edition)","2016-06-17","day",17,"album","spotify:album:391CvgQGKoWJAdCuyHQZKz","https://open.spotify.com/album/391CvgQGKoWJAdCuyHQZKz","USY5K1600009","https://open.spotify.com/track/0lNRoHi9Y3mB3AklVWAtUf",0.439,0.693,9,-6.648,1,0.0491,0.327,0,0.703,0.202,143.876,"audio_features","spotify:track:0lNRoHi9Y3mB3AklVWAtUf","https://api.spotify.com/v1/tracks/0lNRoHi9Y3mB3AklVWAtUf","https://api.spotify.com/v1/audio-analysis/0lNRoHi9Y3mB3AklVWAtUf",321400,4,"Si Han"
1,291565,FALSE,"https://api.spotify.com/v1/tracks/5MkhtIRJSGeNPgbgKHNhGB","5MkhtIRJSGeNPgbgKHNhGB",FALSE,"King Of Kings - Live at Hillsong Conference",0,NA,14,"track","spotify:track:5MkhtIRJSGeNPgbgKHNhGB","ALBUM","https://api.spotify.com/v1/albums/3n4DOUwVf6CSlW8zbjPGdW","3n4DOUwVf6CSlW8zbjPGdW","Awake","2019-10-11","day",15,"album","spotify:album:3n4DOUwVf6CSlW8zbjPGdW","https://open.spotify.com/album/3n4DOUwVf6CSlW8zbjPGdW","AUHS01912422","https://open.spotify.com/track/5MkhtIRJSGeNPgbgKHNhGB",0.454,0.427,2,-8.049,1,0.029,0.0205,0,0.69,0.184,135.887,"audio_features","spotify:track:5MkhtIRJSGeNPgbgKHNhGB","https://api.spotify.com/v1/tracks/5MkhtIRJSGeNPgbgKHNhGB","https://api.spotify.com/v1/audio-analysis/5MkhtIRJSGeNPgbgKHNhGB",291566,4,"Si Han"
1,259588,FALSE,"https://api.spotify.com/v1/tracks/0TVrlU8El0K6U1pC2LOt09","0TVrlU8El0K6U1pC2LOt09",FALSE,"如果能幸福 - HBO Asia原創影集《戒指流浪記》片尾曲",58,"https://p.scdn.co/mp3-preview/d4cd9783c062f5740ab45ff8c224edcb05d59616?cid=0a65c6ae76cc413aa20d89ccec00ef2e",1,"track","spotify:track:0TVrlU8El0K6U1pC2LOt09","SINGLE","https://api.spotify.com/v1/albums/72fDUWj0QsUgA9EoGv2Yoq","72fDUWj0QsUgA9EoGv2Yoq","如果能幸福 (HBO Asia原創影集《戒指流浪記》片尾曲)","2020-12-15","day",1,"album","spotify:album:72fDUWj0QsUgA9EoGv2Yoq","https://open.spotify.com/album/72fDUWj0QsUgA9EoGv2Yoq","TWAP12000001","https://open.spotify.com/track/0TVrlU8El0K6U1pC2LOt09",0.48,0.358,0,-9.565,1,0.0282,0.622,2.12e-05,0.107,0.142,149.945,"audio_features","spotify:track:0TVrlU8El0K6U1pC2LOt09","https://api.spotify.com/v1/tracks/0TVrlU8El0K6U1pC2LOt09","https://api.spotify.com/v1/audio-analysis/0TVrlU8El0K6U1pC2LOt09",259588,4,"Si Han"
